-- phpMyAdmin SQL Dump
-- version 5.1.1
-- https://www.phpmyadmin.net/
--
-- Host: 127.0.0.1
-- Generation Time: Feb 24, 2022 at 04:16 PM
-- Server version: 10.4.21-MariaDB
-- PHP Version: 8.0.12

SET SQL_MODE = "NO_AUTO_VALUE_ON_ZERO";
START TRANSACTION;
SET time_zone = "+00:00";


/*!40101 SET @OLD_CHARACTER_SET_CLIENT=@@CHARACTER_SET_CLIENT */;
/*!40101 SET @OLD_CHARACTER_SET_RESULTS=@@CHARACTER_SET_RESULTS */;
/*!40101 SET @OLD_COLLATION_CONNECTION=@@COLLATION_CONNECTION */;
/*!40101 SET NAMES utf8mb4 */;

--
-- Database: `weather`
--

-- --------------------------------------------------------

--
-- Table structure for table `datapm`
--

CREATE TABLE `datapm` (
  `datetime` datetime DEFAULT NULL,
  `temperature` float DEFAULT NULL,
  `humidity` float DEFAULT NULL,
  `pm2_5` float DEFAULT NULL,
  `pm10` float DEFAULT NULL,
  `machine_id` int(11) DEFAULT NULL
) ENGINE=InnoDB DEFAULT CHARSET=utf8;

--
-- Dumping data for table `datapm`
--

INSERT INTO `datapm` (`datetime`, `temperature`, `humidity`, `pm2_5`, `pm10`, `machine_id`) VALUES
('2021-12-16 16:03:43', 20, 10, 16, 0, 0),
('2021-12-16 16:03:46', 20, 10, 16, 0, 0),
('2016-12-21 22:30:00', 23, 80, 36, 0, 0),
('2021-12-16 22:31:00', 23, 80, 36, 0, 0),
('2021-12-17 00:50:00', 21.148, 56.131, 35.689, 0, 0),
('2021-12-17 00:59:00', 22, 60, 35, 0, 0),
('2021-12-17 01:59:00', 20, 64, 32, 0, 0),
('2021-12-17 02:59:00', 25, 70, 36, 0, 0),
('2021-12-17 03:59:00', 26, 65, 30, 0, 0),
('2021-12-17 04:59:00', 27, 70, 35, 0, 0),
('2021-12-17 05:59:00', 23, 70, 24, 0, 0),
('2021-12-17 06:59:00', 24, 75, 22, 0, 0),
('2021-12-17 07:59:00', 26, 70, 15, 0, 0),
('2021-12-17 08:59:00', 29, 60, 35, 0, 0),
('2021-12-17 09:59:00', 32, 60, 27, 0, 0),
('2021-12-17 10:59:00', 22, 60, 24, 0, 0),
('2021-12-17 11:59:00', 22, 60, 40, 0, 0),
('2021-12-17 12:59:00', 22, 60, 41, 0, 0),
('2021-12-17 13:59:00', 22, 60, 36, 0, 0),
('2021-12-17 14:59:00', 22, 60, 37, 0, 0),
('2021-12-17 15:59:00', 22, 60, 36, 0, 0),
('2021-12-17 16:59:00', 22, 60, 40, 0, 0),
('2021-12-17 17:59:00', 22, 60, 43, 0, 0),
('2021-12-17 18:59:00', 22, 60, 23, 0, 0),
('2021-12-17 19:59:00', 22, 60, 38, 0, 0),
('2021-12-17 20:59:00', 22, 60, 35, 0, 0),
('2021-12-17 21:59:00', 22, 60, 39, 0, 0),
('2021-12-17 22:59:00', 22, 60, 27, 0, 0),
('2021-12-17 23:59:00', 22, 60, 40, 0, 0),
('2021-12-18 01:00:00', 27, 70, 30, 0, 0),
('2021-12-18 02:00:00', 27, 70, 30, 0, 0),
('2021-12-18 03:00:00', 27, 70, 30, 0, 0),
('2021-12-18 04:00:00', 27, 70, 30, 0, 0),
('2021-12-18 05:00:00', 27, 70, 30, 0, 0),
('2021-12-18 06:00:00', 27, 70, 30, 0, 0),
('2021-12-18 07:00:00', 27, 70, 30, 0, 0),
('2021-12-18 08:00:00', 27, 70, 30, 0, 0),
('2021-12-18 09:00:00', 27, 70, 30, 0, 0),
('2021-12-18 10:00:00', 27, 70, 30, 0, 0),
('2021-12-18 11:00:00', 27, 70, 30, 0, 0),
('2021-12-18 12:00:00', 27, 70, 30, 0, 0),
('2021-12-18 13:00:00', 27, 70, 30, 0, 0),
('2021-12-18 14:00:00', 27, 70, 30, 0, 0),
('2021-12-18 15:00:00', 27, 70, 30, 0, 0),
('2021-12-18 16:00:00', 27, 70, 30, 0, 0),
('2021-12-18 17:00:00', 27, 70, 30, 0, 0),
('2021-12-18 18:00:00', 27, 70, 30, 0, 0),
('2021-12-18 19:00:00', 27, 70, 30, 0, 0),
('2021-12-18 20:00:00', 27, 70, 30, 0, 0),
('2021-12-18 21:00:00', 27, 70, 30, 0, 0),
('2021-12-18 22:00:00', 27, 70, 30, 0, 0),
('2021-12-18 23:00:00', 27, 70, 30, 0, 0),
('2021-12-18 00:00:00', 27, 70, 30, 0, 0),
('2021-12-27 01:00:00', 24, 60, 30, 0, 0),
('2021-12-27 02:00:00', 24, 60, 50, 0, 0),
('2021-12-27 03:00:00', 24, 60, 40, 0, 0),
('2021-12-27 04:00:00', 24, 60, 31, 0, 0),
('2021-12-27 05:00:00', 24, 60, 25, 0, 0),
('2021-12-27 06:00:00', 24, 60, 27, 0, 0),
('2021-12-27 07:00:00', 24, 60, 32, 0, 0),
('2021-12-27 08:00:00', 24, 60, 21, 0, 0),
('2021-12-27 09:00:00', 24, 60, 24, 0, 0),
('2021-12-27 10:00:00', 24, 60, 28, 0, 0),
('2021-12-27 11:00:00', 24, 60, 40, 0, 0),
('2021-12-27 12:00:00', 24, 60, 41, 0, 0),
('2021-12-27 13:00:00', 24, 60, 33, 0, 0),
('2021-12-27 14:00:00', 24, 60, 28, 0, 0),
('2021-12-27 15:00:00', 24, 60, 24, 0, 0),
('2021-12-27 16:00:00', 24, 60, 26, 0, 0),
('2021-12-27 17:00:00', 24, 60, 30, 0, 0),
('2021-12-27 18:00:00', 24, 60, 35, 0, 0),
('2021-12-27 19:00:00', 24, 60, 37, 0, 0),
('2021-12-27 20:00:00', 24, 60, 41, 0, 0),
('2021-12-27 21:00:00', 24, 60, 20, 0, 0),
('2021-12-27 22:00:00', 24, 60, 21, 0, 0),
('2021-12-27 23:00:00', 24, 60, 30, 0, 0),
('2021-12-25 16:00:00', 28, 70, 21, 0, 0),
('2021-12-26 16:00:00', 28, 70, 29, 0, 0),
('2021-12-28 00:00:00', 24, 60, 30, 0, 0),
('2021-12-28 01:00:00', 24, 60, 30, 0, 0),
('2021-12-28 02:00:00', 24, 60, 50, 0, 0),
('2021-12-28 03:00:00', 24, 60, 40, 0, 0),
('2021-12-28 04:00:00', 24, 60, 31, 0, 0),
('2021-12-28 05:00:00', 24, 60, 25, 0, 0),
('2021-12-28 06:00:00', 24, 60, 27, 0, 0),
('2021-12-28 07:00:00', 24, 60, 32, 0, 0),
('2021-12-28 08:00:00', 24, 60, 21, 0, 0),
('2021-12-28 09:00:00', 24, 60, 24, 0, 0),
('2021-12-28 10:00:00', 24, 60, 28, 0, 0),
('2021-12-28 11:00:00', 24, 60, 40, 0, 0),
('2021-12-28 12:00:00', 24, 60, 41, 0, 0),
('2021-12-28 13:00:00', 24, 60, 33, 0, 0),
('2021-12-28 14:00:00', 24, 60, 28, 0, 0),
('2021-12-28 15:00:00', 24, 60, 24, 0, 0),
('2021-12-28 16:00:00', 24, 60, 26, 0, 0),
('2021-12-28 17:00:00', 24, 60, 30, 0, 0),
('2021-12-28 18:00:00', 24, 60, 35, 0, 0),
('2021-12-28 19:00:00', 24, 60, 37, 0, 0),
('2021-12-28 20:00:00', 24, 60, 41, 0, 0),
('2021-12-28 21:00:00', 24, 60, 20, 0, 0),
('2021-12-28 22:00:00', 24, 60, 21, 0, 0),
('2021-12-28 23:00:00', 24, 60, 30, 0, 0),
('2021-12-27 01:00:00', 24, 60, 30, 0, 0),
('2021-12-29 02:00:00', 24, 60, 50, 0, 0),
('2021-12-29 03:00:00', 24, 60, 40, 0, 0),
('2021-12-29 04:00:00', 24, 60, 31, 0, 0),
('2021-12-29 05:00:00', 24, 60, 25, 0, 0),
('2021-12-29 06:00:00', 24, 60, 27, 0, 0),
('2021-12-29 07:00:00', 24, 60, 32, 0, 0),
('2021-12-29 08:00:00', 24, 60, 21, 0, 0),
('2021-12-29 09:00:00', 24, 60, 24, 0, 0),
('2021-12-29 10:00:00', 24, 60, 28, 0, 0),
('2021-12-29 11:00:00', 24, 60, 40, 0, 0),
('2021-12-29 12:00:00', 24, 60, 41, 0, 0),
('2021-12-29 13:00:00', 24, 60, 33, 0, 0),
('2021-12-29 14:00:00', 24, 60, 28, 0, 0),
('2021-12-29 15:00:00', 24, 60, 24, 0, 0),
('2021-12-29 16:00:00', 24, 60, 26, 0, 0),
('2021-12-29 17:00:00', 24, 60, 30, 0, 0),
('2021-12-29 18:00:00', 24, 60, 35, 0, 0),
('2021-12-29 19:00:00', 24, 60, 37, 0, 0),
('2021-12-29 20:00:00', 24, 60, 41, 0, 0),
('2021-12-29 21:00:00', 24, 60, 20, 0, 0),
('2021-12-29 22:00:00', 24, 60, 21, 0, 0),
('2021-12-29 23:00:00', 24, 60, 30, 0, 0),
('2021-12-30 01:00:00', 24, 60, 30, 0, 0),
('2021-12-30 02:00:00', 24, 60, 50, 0, 0),
('2021-12-30 03:00:00', 24, 60, 40, 0, 0),
('2021-12-30 04:00:00', 24, 60, 31, 0, 0),
('2021-12-30 05:00:00', 24, 60, 25, 0, 0),
('2021-12-30 06:00:00', 24, 60, 27, 0, 0),
('2021-12-30 07:00:00', 24, 60, 32, 0, 0),
('2021-12-30 08:00:00', 24, 60, 21, 0, 0),
('2021-12-30 09:00:00', 24, 60, 24, 0, 0),
('2021-12-30 10:00:00', 24, 60, 28, 0, 0),
('2021-12-30 11:00:00', 24, 60, 40, 0, 0),
('2021-12-30 12:00:00', 24, 60, 41, 0, 0),
('2021-12-31 01:00:00', 24, 60, 30, 0, 0),
('2021-12-31 02:00:00', 24, 60, 50, 0, 0),
('2021-12-31 03:00:00', 24, 60, 40, 0, 0),
('2021-12-31 04:00:00', 24, 60, 31, 0, 0),
('2021-12-31 05:00:00', 24, 60, 25, 0, 0),
('2021-12-31 06:00:00', 24, 60, 27, 0, 0),
('2021-12-31 07:00:00', 24, 60, 32, 0, 0),
('2021-12-31 08:00:00', 24, 60, 21, 0, 0),
('2021-12-31 09:00:00', 24, 60, 24, 0, 0),
('2021-12-31 10:00:00', 24, 60, 28, 0, 0),
('2021-12-31 11:00:00', 24, 60, 40, 0, 0),
('2021-12-31 12:00:00', 24, 60, 41, 0, 0),
('2021-12-31 13:00:00', 24, 60, 33, 0, 0),
('2021-12-31 14:00:00', 24, 60, 28, 0, 0),
('2021-12-31 15:00:00', 24, 60, 24, 0, 0),
('2021-12-31 16:00:00', 24, 60, 26, 0, 0),
('2021-12-31 17:00:00', 24, 60, 30, 0, 0),
('2021-12-31 18:00:00', 24, 60, 35, 0, 0),
('2021-12-31 19:00:00', 24, 60, 37, 0, 0),
('2021-12-31 20:00:00', 24, 60, 41, 0, 0),
('2021-12-31 21:00:00', 24, 60, 20, 0, 0),
('2021-12-31 22:00:00', 24, 60, 21, 0, 0),
('2021-12-31 23:00:00', 24, 60, 30, 0, 0),
('2022-01-01 01:00:00', 24, 60, 30, 0, 0),
('2022-01-01 02:00:00', 24, 60, 50, 0, 0),
('2022-01-01 03:00:00', 24, 60, 40, 0, 0),
('2022-01-01 04:00:00', 24, 60, 31, 0, 0),
('2022-01-01 05:00:00', 24, 60, 25, 0, 0),
('2022-01-01 06:00:00', 24, 60, 27, 0, 0),
('2022-01-01 07:00:00', 24, 60, 32, 0, 0),
('2022-01-01 08:00:00', 24, 60, 21, 0, 0),
('2022-01-01 09:00:00', 24, 60, 24, 0, 0),
('2022-01-01 10:00:00', 24, 60, 28, 0, 0),
('2022-01-01 11:00:00', 24, 60, 40, 0, 0),
('2022-01-01 12:00:00', 24, 60, 41, 0, 0),
('2022-01-01 13:00:00', 24, 60, 33, 0, 0),
('2022-01-01 14:00:00', 24, 60, 28, 0, 0),
('2022-01-01 15:00:00', 24, 60, 24, 0, 0),
('2022-01-01 16:00:00', 24, 60, 26, 0, 0),
('2022-01-01 17:00:00', 24, 60, 30, 0, 0),
('2022-01-01 18:00:00', 24, 60, 35, 0, 0),
('2022-01-01 19:00:00', 24, 60, 37, 0, 0),
('2022-01-01 20:00:00', 24, 60, 41, 0, 0),
('2022-01-01 21:00:00', 24, 60, 20, 0, 0),
('2022-01-01 22:00:00', 24, 60, 21, 0, 0),
('2022-01-01 23:00:00', 24, 60, 30, 0, 0),
('2022-01-01 01:00:00', 24, 60, 30, 0, 0),
('2022-01-01 02:00:00', 24, 60, 50, 0, 0),
('2022-01-01 03:00:00', 24, 60, 40, 0, 0),
('2022-01-01 04:00:00', 24, 60, 31, 0, 0),
('2022-01-01 05:00:00', 24, 60, 25, 0, 0),
('2022-01-01 06:00:00', 24, 60, 27, 0, 0),
('2022-01-01 07:00:00', 24, 60, 32, 0, 0),
('2022-01-01 08:00:00', 24, 60, 21, 0, 0),
('2022-01-01 09:00:00', 24, 60, 24, 0, 0),
('2022-01-01 10:00:00', 24, 60, 28, 0, 0),
('2022-01-01 11:00:00', 24, 60, 40, 0, 0),
('2022-01-01 12:00:00', 24, 60, 41, 0, 0),
('2022-01-01 13:00:00', 24, 60, 33, 0, 0),
('2022-01-01 14:00:00', 24, 60, 28, 0, 0),
('2022-01-01 15:00:00', 24, 60, 24, 0, 0),
('2022-01-01 16:00:00', 24, 60, 26, 0, 0),
('2022-01-01 17:00:00', 24, 60, 30, 0, 0),
('2022-01-01 18:00:00', 24, 60, 35, 0, 0),
('2022-01-01 19:00:00', 24, 60, 37, 0, 0),
('2022-01-01 20:00:00', 24, 60, 41, 0, 0),
('2022-01-01 21:00:00', 24, 60, 20, 0, 0),
('2022-01-01 22:00:00', 24, 60, 21, 0, 0),
('2022-01-01 23:00:00', 24, 60, 30, 0, 0),
('2022-01-02 22:57:00', 27, 63.143, 26.857, 0, 0),
('2022-01-03 00:03:00', 27, 60, 25, 0, 0),
('2022-01-03 01:03:00', 27.561, 61.123, 27.807, 0, 0),
('2022-01-04 01:00:00', 24, 60, 30, 0, 0),
('2022-01-04 02:00:00', 24, 60, 50, 0, 0),
('2022-01-04 03:00:00', 24, 60, 40, 0, 0),
('2022-01-04 04:00:00', 24, 60, 31, 0, 0),
('2022-01-04 05:00:00', 24, 60, 25, 0, 0),
('2022-01-04 06:00:00', 24, 60, 27, 0, 0),
('2022-01-04 07:00:00', 24, 60, 32, 0, 0),
('2022-01-04 08:00:00', 24, 60, 21, 0, 0),
('2022-01-04 09:00:00', 24, 60, 24, 0, 0),
('2022-01-04 10:00:00', 24, 60, 28, 0, 0),
('2022-01-04 11:00:00', 24, 60, 40, 0, 0),
('2022-01-04 12:00:00', 24, 60, 41, 0, 0),
('2022-01-04 13:00:00', 24, 60, 33, 0, 0),
('2022-01-04 14:00:00', 24, 60, 28, 0, 0),
('2022-01-04 15:00:00', 24, 60, 24, 0, 0),
('2022-01-04 16:00:00', 24, 60, 26, 0, 0),
('2022-01-04 17:00:00', 24, 60, 30, 0, 0),
('2022-01-04 18:00:00', 24, 60, 35, 0, 0),
('2022-01-04 19:00:00', 24, 60, 37, 0, 0),
('2022-01-04 20:00:00', 24, 60, 41, 0, 0),
('2022-01-04 21:00:00', 24, 60, 20, 0, 0),
('2022-01-04 22:00:00', 24, 60, 21, 0, 0),
('2022-01-04 23:00:00', 24, 60, 30, 0, 0),
('2022-01-05 01:00:00', 24, 60, 30, 0, 0),
('2022-01-05 02:00:00', 24, 60, 50, 0, 0),
('2022-01-05 03:00:00', 24, 60, 40, 0, 0),
('2022-01-05 04:00:00', 24, 60, 31, 0, 0),
('2022-01-05 05:00:00', 24, 60, 25, 0, 0),
('2022-01-05 06:00:00', 24, 60, 27, 0, 0),
('2022-01-05 07:00:00', 24, 60, 32, 0, 0),
('2022-01-05 08:00:00', 24, 60, 21, 0, 0),
('2022-01-05 09:00:00', 24, 60, 24, 0, 0),
('2022-01-05 10:00:00', 24, 60, 28, 0, 0),
('2022-01-05 11:00:00', 24, 60, 40, 0, 0),
('2022-01-05 12:00:00', 24, 60, 41, 0, 0),
('2022-01-05 13:00:00', 24, 60, 33, 0, 0),
('2022-01-05 14:00:00', 24, 60, 28, 0, 0),
('2022-01-05 15:00:00', 24, 60, 24, 0, 0),
('2022-01-05 16:00:00', 24, 60, 26, 0, 0),
('2022-01-05 17:00:00', 24, 60, 30, 0, 0),
('2022-01-05 18:00:00', 24, 60, 35, 0, 0),
('2022-01-05 19:00:00', 24, 60, 37, 0, 0),
('2022-01-05 20:00:00', 24, 60, 41, 0, 0),
('2022-01-05 21:00:00', 24, 60, 20, 0, 0),
('2022-01-05 22:00:00', 24, 60, 21, 0, 0),
('2022-01-05 23:00:00', 24, 60, 30, 0, 0),
('2022-01-06 00:00:00', 24, 60, 30, 0, 0),
('2022-01-06 01:00:00', 24, 60, 30, 0, 0),
('2022-01-06 02:00:00', 24, 60, 50, 0, 0),
('2022-01-06 03:00:00', 24, 60, 40, 0, 0),
('2022-01-06 04:00:00', 24, 60, 31, 0, 0),
('2022-01-06 05:00:00', 24, 60, 25, 0, 0),
('2022-01-06 06:00:00', 24, 60, 27, 0, 0),
('2022-01-06 07:00:00', 24, 60, 32, 0, 0),
('2022-01-06 08:00:00', 24, 60, 21, 0, 0),
('2022-01-06 09:00:00', 24, 60, 24, 0, 0),
('2022-01-06 10:00:00', 24, 60, 28, 0, 0),
('2022-01-06 11:00:00', 24, 60, 40, 0, 0),
('2022-01-06 12:00:00', 24, 60, 41, 0, 0),
('2022-01-06 13:00:00', 24, 60, 33, 0, 0),
('2022-01-06 14:00:00', 24, 60, 28, 0, 0),
('2022-01-06 15:00:00', 24, 60, 24, 0, 0),
('2022-01-06 16:00:00', 24, 60, 26, 0, 0),
('2022-01-06 17:00:00', 24, 60, 30, 0, 0),
('2022-01-06 18:00:00', 24, 60, 35, 0, 0),
('2022-01-06 19:00:00', 24, 60, 37, 0, 0),
('2022-01-06 20:00:00', 24, 60, 41, 0, 0),
('2022-01-06 21:00:00', 24, 60, 20, 0, 0),
('2022-01-06 22:00:00', 24, 60, 21, 0, 0),
('2022-01-06 23:00:00', 24, 60, 30, 0, 0),
('2022-01-07 00:00:00', 24, 60, 30, 0, 0),
('2022-01-07 01:00:00', 24, 60, 30, 0, 0),
('2022-01-07 02:00:00', 24, 60, 50, 0, 0),
('2022-01-07 03:00:00', 24, 60, 40, 0, 0),
('2022-01-07 04:00:00', 24, 60, 31, 0, 0),
('2022-01-07 05:00:00', 24, 60, 25, 0, 0),
('2022-01-07 06:00:00', 24, 60, 27, 0, 0),
('2022-01-07 07:00:00', 24, 60, 32, 0, 0),
('2022-01-07 08:00:00', 24, 60, 21, 0, 0),
('2022-01-07 09:00:00', 24, 60, 24, 0, 0),
('2022-01-07 10:00:00', 24, 60, 28, 0, 0),
('2022-01-07 11:00:00', 24, 60, 40, 0, 0),
('2022-01-07 12:00:00', 24, 60, 41, 0, 0),
('2022-01-07 13:00:00', 24, 60, 33, 0, 0),
('2022-01-07 14:00:00', 24, 60, 28, 0, 0),
('2022-01-07 15:00:00', 24, 60, 24, 0, 0),
('2022-01-07 16:00:00', 24, 60, 26, 0, 0),
('2022-01-07 17:00:00', 24, 60, 30, 0, 0),
('2022-01-07 18:00:00', 24, 60, 35, 0, 0),
('2022-01-07 19:00:00', 24, 60, 37, 0, 0),
('2022-01-07 20:00:00', 24, 60, 41, 0, 0),
('2022-01-07 21:00:00', 24, 60, 20, 0, 0),
('2022-01-07 22:00:00', 24, 60, 21, 0, 0),
('2022-01-07 23:00:00', 24, 60, 30, 0, 0),
('2022-01-08 00:00:00', 24, 60, 30, 0, 0),
('2022-01-08 01:00:00', 24, 60, 30, 0, 0),
('2022-01-08 02:00:00', 24, 60, 50, 0, 0),
('2022-01-08 03:00:00', 24, 60, 40, 0, 0),
('2022-01-08 04:00:00', 24, 60, 31, 0, 0),
('2022-01-08 05:00:00', 24, 60, 25, 0, 0),
('2022-01-08 06:00:00', 24, 60, 27, 0, 0),
('2022-01-08 07:00:00', 24, 60, 32, 0, 0),
('2022-01-08 08:00:00', 24, 60, 21, 0, 0),
('2022-01-08 09:00:00', 24, 60, 24, 0, 0),
('2022-01-08 10:00:00', 24, 60, 28, 0, 0),
('2022-01-08 11:00:00', 24, 60, 40, 0, 0),
('2022-01-08 12:00:00', 24, 60, 41, 0, 0),
('2022-01-08 13:00:00', 24, 60, 33, 0, 0),
('2022-01-08 14:00:00', 24, 60, 28, 0, 0),
('2022-01-08 15:00:00', 24, 60, 24, 0, 0),
('2022-01-08 16:00:00', 24, 60, 26, 0, 0),
('2022-01-08 17:00:00', 24, 60, 30, 0, 0),
('2022-01-08 18:00:00', 24, 60, 35, 0, 0),
('2022-01-08 19:00:00', 24, 60, 37, 0, 0),
('2022-01-08 20:00:00', 24, 60, 41, 0, 0),
('2022-01-08 21:00:00', 24, 60, 20, 0, 0),
('2022-01-08 22:00:00', 24, 60, 21, 0, 0),
('2022-01-08 23:00:00', 24, 60, 30, 0, 0),
('2022-01-09 00:00:00', 24, 60, 30, 0, 0),
('2022-01-09 01:00:00', 24, 60, 30, 0, 0),
('2022-01-09 02:00:00', 24, 60, 50, 0, 0),
('2022-01-09 03:00:00', 24, 60, 40, 0, 0),
('2022-01-09 04:00:00', 24, 60, 31, 0, 0),
('2022-01-09 05:00:00', 24, 60, 25, 0, 0),
('2022-01-09 06:00:00', 24, 60, 27, 0, 0),
('2022-01-09 07:00:00', 24, 60, 32, 0, 0),
('2022-01-09 08:00:00', 24, 60, 21, 0, 0),
('2022-01-09 09:00:00', 24, 60, 24, 0, 0),
('2022-01-09 10:00:00', 24, 60, 28, 0, 0),
('2022-01-09 11:00:00', 24, 60, 40, 0, 0),
('2022-01-09 12:00:00', 24, 60, 41, 0, 0),
('2022-01-09 13:00:00', 24, 60, 33, 0, 0),
('2022-01-09 14:00:00', 24, 60, 28, 0, 0),
('2022-01-09 15:00:00', 24, 60, 24, 0, 0),
('2022-01-09 16:00:00', 24, 60, 26, 0, 0),
('2022-01-09 17:00:00', 24, 60, 30, 0, 0),
('2022-01-09 18:00:00', 24, 60, 35, 0, 0),
('2022-01-09 19:00:00', 24, 60, 37, 0, 0),
('2022-01-09 20:00:00', 24, 60, 41, 0, 0),
('2022-01-09 21:00:00', 24, 60, 20, 0, 0),
('2022-01-09 22:00:00', 24, 60, 21, 0, 0),
('2022-01-09 23:00:00', 24, 60, 30, 0, 0),
('2022-01-17 00:00:00', 24, 60, 30, 0, 0),
('2022-01-17 01:00:00', 24, 60, 30, 0, 0),
('2022-01-17 02:00:00', 24, 60, 50, 0, 0),
('2022-01-17 03:00:00', 24, 60, 40, 0, 0),
('2022-01-17 04:00:00', 24, 60, 31, 0, 0),
('2022-01-17 05:00:00', 24, 60, 25, 0, 0),
('2022-01-17 06:00:00', 24, 60, 27, 0, 0),
('2022-01-17 07:00:00', 24, 60, 32, 0, 0),
('2022-01-17 08:00:00', 24, 60, 21, 0, 0),
('2022-01-17 09:00:00', 24, 60, 24, 0, 0),
('2022-01-17 10:00:00', 24, 60, 28, 0, 0),
('2022-01-17 11:00:00', 24, 60, 40, 0, 0),
('2022-01-17 12:00:00', 24, 60, 41, 0, 0),
('2022-01-17 13:00:00', 24, 60, 33, 0, 0),
('2022-01-17 14:00:00', 24, 60, 28, 0, 0),
('2022-01-17 15:00:00', 24, 60, 24, 0, 0),
('2022-01-17 16:00:00', 24, 60, 26, 0, 0),
('2022-01-17 17:00:00', 24, 60, 30, 0, 0),
('2022-01-17 18:00:00', 24, 60, 35, 0, 0),
('2022-01-17 19:00:00', 24, 60, 37, 0, 0),
('2022-01-17 20:00:00', 24, 60, 41, 0, 0),
('2022-01-17 21:00:00', 24, 60, 20, 0, 0),
('2022-01-17 22:00:00', 24, 60, 21, 0, 0),
('2022-01-17 23:00:00', 24, 60, 30, 0, 0),
('2022-01-18 00:00:00', 24, 60, 30, 0, 0),
('2022-01-18 01:00:00', 24, 60, 30, 0, 0),
('2022-01-18 02:00:00', 24, 60, 50, 0, 0),
('2022-01-18 03:00:00', 24, 60, 40, 0, 0),
('2022-01-18 04:00:00', 24, 60, 31, 0, 0),
('2022-01-18 05:00:00', 24, 60, 25, 0, 0),
('2022-01-18 06:00:00', 24, 60, 27, 0, 0),
('2022-01-18 07:00:00', 24, 60, 32, 0, 0),
('2022-01-18 08:00:00', 24, 60, 21, 0, 0),
('2022-01-18 09:00:00', 24, 60, 24, 0, 0),
('2022-01-18 10:00:00', 24, 60, 28, 0, 0),
('2022-01-18 11:00:00', 24, 60, 40, 0, 0),
('2022-01-18 12:00:00', 24, 60, 41, 0, 0),
('2022-01-18 13:00:00', 24, 60, 33, 0, 0),
('2022-01-18 14:00:00', 24, 60, 28, 0, 0),
('2022-01-18 15:00:00', 24, 60, 24, 0, 0),
('2022-01-18 16:00:00', 24, 60, 26, 0, 0),
('2022-01-18 17:00:00', 24, 60, 30, 0, 0),
('2022-01-18 18:00:00', 24, 60, 35, 0, 0),
('2022-01-18 19:00:00', 24, 60, 37, 0, 0),
('2022-01-18 20:00:00', 24, 60, 41, 0, 0),
('2022-01-18 21:00:00', 24, 60, 20, 0, 0),
('2022-01-18 22:00:00', 24, 60, 21, 0, 0),
('2022-01-18 23:00:00', 24, 60, 30, 0, 0),
('2022-01-20 13:52:00', 0, 0, 0, 0, 0),
('2022-01-20 13:54:00', 20, 70, 35, 0, 0),
('2022-01-21 00:00:00', 24, 60, 30, 0, 0),
('2022-01-21 01:00:00', 24, 60, 30, 0, 0),
('2022-01-21 02:00:00', 24, 60, 50, 0, 0),
('2022-01-21 03:00:00', 24, 60, 40, 0, 0),
('2022-01-21 04:00:00', 24, 60, 31, 0, 0),
('2022-01-21 05:00:00', 24, 60, 25, 0, 0),
('2022-01-21 06:00:00', 24, 60, 27, 0, 0),
('2022-01-21 07:00:00', 24, 60, 32, 0, 0),
('2022-01-21 08:00:00', 24, 60, 21, 0, 0),
('2022-01-21 09:00:00', 24, 60, 24, 0, 0),
('2022-01-21 10:00:00', 24, 60, 28, 0, 0),
('2022-01-21 11:00:00', 24, 60, 40, 0, 0),
('2022-01-21 12:00:00', 24, 60, 41, 0, 0),
('2022-01-21 13:00:00', 24, 60, 33, 0, 0),
('2022-01-21 14:00:00', 24, 60, 28, 0, 0),
('2022-01-21 15:00:00', 24, 60, 24, 0, 0),
('2022-01-21 16:00:00', 24, 60, 26, 0, 0),
('2022-01-21 17:00:00', 24, 60, 30, 0, 0),
('2022-01-21 18:00:00', 24, 60, 35, 0, 0),
('2022-01-21 19:00:00', 24, 60, 37, 0, 0),
('2022-01-21 20:00:00', 24, 60, 41, 0, 0),
('2022-01-21 21:00:00', 24, 60, 20, 0, 0),
('2022-01-21 22:00:00', 24, 60, 21, 0, 0),
('2022-01-21 23:00:00', 24, 60, 30, 0, 0),
('2022-01-22 00:00:00', 24, 60, 30, 0, 0),
('2022-01-22 01:00:00', 24, 60, 30, 0, 0),
('2022-01-22 02:00:00', 24, 60, 50, 0, 0),
('2022-01-22 03:00:00', 24, 60, 40, 0, 0),
('2022-01-22 04:00:00', 24, 60, 31, 0, 0),
('2022-01-22 05:00:00', 24, 60, 25, 0, 0),
('2022-01-22 06:00:00', 24, 60, 27, 0, 0),
('2022-01-22 07:00:00', 24, 60, 32, 0, 0),
('2022-01-22 08:00:00', 24, 60, 21, 0, 0),
('2022-01-22 09:00:00', 24, 60, 24, 0, 0),
('2022-01-22 10:00:00', 24, 60, 28, 0, 0),
('2022-01-22 11:00:00', 24, 60, 40, 0, 0),
('2022-01-22 12:00:00', 24, 60, 41, 0, 0),
('2022-01-22 13:00:00', 24, 60, 33, 0, 0),
('2022-01-22 14:00:00', 24, 60, 28, 0, 0),
('2022-01-22 15:00:00', 24, 60, 24, 0, 0),
('2022-01-22 16:00:00', 24, 60, 26, 0, 0),
('2022-01-22 17:00:00', 24, 60, 30, 0, 0),
('2022-01-22 18:00:00', 24, 60, 35, 0, 0),
('2022-01-22 19:00:00', 24, 60, 37, 0, 0),
('2022-01-22 20:00:00', 24, 60, 41, 0, 0),
('2022-01-22 21:00:00', 24, 60, 20, 0, 0),
('2022-01-22 22:00:00', 24, 60, 21, 0, 0),
('2022-01-22 23:00:00', 24, 60, 30, 0, 0),
('2022-01-23 00:00:00', 24, 60, 30, 0, 0),
('2022-01-23 01:00:00', 24, 60, 30, 0, 0),
('2022-01-23 02:00:00', 24, 60, 50, 0, 0),
('2022-01-23 03:00:00', 24, 60, 40, 0, 0),
('2022-01-23 04:00:00', 24, 60, 31, 0, 0),
('2022-01-23 05:00:00', 24, 60, 25, 0, 0),
('2022-01-23 06:00:00', 24, 60, 27, 0, 0),
('2022-01-23 07:00:00', 24, 60, 32, 0, 0),
('2022-01-23 08:00:00', 24, 60, 21, 0, 0),
('2022-01-23 09:00:00', 24, 60, 24, 0, 0),
('2022-01-23 10:00:00', 24, 60, 28, 0, 0),
('2022-01-23 11:00:00', 24, 60, 40, 0, 0),
('2022-01-23 12:00:00', 24, 60, 41, 0, 0),
('2022-01-23 13:00:00', 24, 60, 33, 0, 0),
('2022-01-23 14:00:00', 24, 60, 28, 0, 0),
('2022-01-23 15:00:00', 24, 60, 24, 0, 0),
('2022-01-23 16:00:00', 24, 60, 26, 0, 0),
('2022-01-23 17:00:00', 24, 60, 30, 0, 0),
('2022-01-23 18:00:00', 24, 60, 35, 0, 0),
('2022-01-23 19:00:00', 24, 60, 37, 0, 0),
('2022-01-23 20:00:00', 24, 60, 41, 0, 0),
('2022-01-23 21:00:00', 24, 60, 20, 0, 0),
('2022-01-23 22:00:00', 24, 60, 21, 0, 0),
('2022-01-23 23:00:00', 24, 60, 30, 0, 0),
('2022-01-24 00:00:00', 24, 60, 30, 0, 0),
('2022-01-24 01:00:00', 24, 60, 30, 0, 0),
('2022-01-24 02:00:00', 24, 60, 50, 0, 0),
('2022-01-24 03:00:00', 24, 60, 40, 0, 0),
('2022-01-24 04:00:00', 24, 60, 31, 0, 0),
('2022-01-24 05:00:00', 24, 60, 25, 0, 0),
('2022-01-24 06:00:00', 24, 60, 27, 0, 0),
('2022-01-24 07:00:00', 24, 60, 32, 0, 0),
('2022-01-24 08:00:00', 24, 60, 21, 0, 0),
('2022-01-24 09:00:00', 24, 60, 24, 0, 0),
('2022-01-24 10:00:00', 24, 60, 28, 0, 0),
('2022-01-24 11:00:00', 24, 60, 40, 0, 0),
('2022-01-24 12:00:00', 24, 60, 41, 0, 0),
('2022-01-24 13:00:00', 24, 60, 33, 0, 0),
('2022-01-24 14:00:00', 24, 60, 28, 0, 0),
('2022-01-24 15:00:00', 24, 60, 24, 0, 0),
('2022-01-24 16:00:00', 24, 60, 26, 0, 0),
('2022-01-24 17:00:00', 24, 60, 30, 0, 0),
('2022-01-24 18:00:00', 24, 60, 35, 0, 0),
('2022-01-24 19:00:00', 24, 60, 37, 0, 0),
('2022-01-24 20:00:00', 24, 60, 41, 0, 0),
('2022-01-24 21:00:00', 24, 60, 20, 0, 0),
('2022-01-24 22:00:00', 24, 60, 21, 0, 0),
('2022-01-24 23:00:00', 24, 60, 30, 0, 0),
('2022-01-25 00:00:00', 24, 60, 35, 0, 0),
('2022-01-25 01:00:00', 24, 60, 21, 0, 0),
('2022-01-25 02:00:00', 24, 60, 50, 0, 0),
('2022-01-25 03:00:00', 24, 60, 60, 0, 0),
('2022-01-25 04:00:00', 24, 60, 41, 0, 0),
('2022-01-25 05:00:00', 24, 60, 35, 0, 0),
('2022-01-25 06:00:00', 24, 60, 27, 0, 0),
('2022-01-25 07:00:00', 24, 60, 22, 0, 0),
('2022-01-25 08:00:00', 24, 60, 46, 0, 0),
('2022-01-25 09:00:00', 24, 60, 41, 0, 0),
('2022-01-25 10:00:00', 24, 60, 49, 0, 0),
('2022-01-25 11:00:00', 24, 60, 40, 0, 0),
('2022-01-25 12:00:00', 24, 60, 51, 0, 0),
('2022-01-25 13:00:00', 24, 60, 35, 0, 0),
('2022-01-25 14:00:00', 24, 60, 58, 0, 0),
('2022-01-25 15:00:00', 24, 60, 28, 0, 0),
('2022-01-25 16:00:00', 24, 60, 29, 0, 0),
('2022-01-25 17:00:00', 24, 60, 31, 0, 0),
('2022-01-25 18:00:00', 24, 60, 39, 0, 0),
('2022-01-25 19:00:00', 24, 60, 38, 0, 0),
('2022-01-25 20:00:00', 24, 60, 42, 0, 0),
('2022-01-25 21:00:00', 24, 60, 26, 0, 0),
('2022-01-25 22:00:00', 24, 60, 50, 0, 0),
('2022-01-25 23:00:00', 24, 60, 30, 0, 0),
('2022-01-26 00:00:00', 24, 60, 30, 0, 0),
('2022-01-26 01:00:00', 24, 60, 30, 0, 0),
('2022-01-26 02:00:00', 24, 60, 50, 0, 0),
('2022-01-26 03:00:00', 24, 60, 40, 0, 0),
('2022-01-26 04:00:00', 24, 60, 31, 0, 0),
('2022-01-26 05:00:00', 24, 60, 25, 0, 0),
('2022-01-26 06:00:00', 24, 60, 27, 0, 0),
('2022-01-26 07:00:00', 24, 60, 32, 0, 0),
('2022-01-26 08:00:00', 24, 60, 21, 0, 0),
('2022-01-26 09:00:00', 24, 60, 24, 0, 0),
('2022-01-26 10:00:00', 24, 60, 28, 0, 0),
('2022-01-26 11:00:00', 24, 60, 40, 0, 0),
('2022-01-26 12:00:00', 24, 60, 41, 0, 0),
('2022-01-26 13:00:00', 24, 60, 33, 0, 0),
('2022-01-26 14:00:00', 24, 60, 28, 0, 0),
('2022-01-26 15:00:00', 24, 60, 24, 0, 0),
('2022-01-26 16:00:00', 24, 60, 26, 0, 0),
('2022-01-26 17:00:00', 24, 60, 30, 0, 0),
('2022-01-26 18:00:00', 24, 60, 35, 0, 0),
('2022-01-26 19:00:00', 24, 60, 37, 0, 0),
('2022-01-26 20:00:00', 24, 60, 41, 0, 0),
('2022-01-26 21:00:00', 24, 60, 20, 0, 0),
('2022-01-26 22:00:00', 24, 60, 21, 0, 0),
('2022-01-26 23:00:00', 24, 60, 30, 0, 0),
('2022-01-27 00:00:00', 24, 60, 30, 0, 0),
('2022-01-27 01:00:00', 24, 60, 30, 0, 0),
('2022-01-27 02:00:00', 24, 60, 50, 0, 0),
('2022-01-27 03:00:00', 24, 60, 40, 0, 0),
('2022-01-27 04:00:00', 24, 60, 31, 0, 0),
('2022-01-27 05:00:00', 24, 60, 25, 0, 0),
('2022-01-27 06:00:00', 24, 60, 27, 0, 0),
('2022-01-27 07:00:00', 24, 60, 32, 0, 0),
('2022-01-27 08:00:00', 24, 60, 21, 0, 0),
('2022-01-27 09:00:00', 24, 60, 24, 0, 0),
('2022-01-27 10:00:00', 24, 60, 28, 0, 0),
('2022-01-27 11:00:00', 24, 60, 40, 0, 0),
('2022-01-27 12:00:00', 24, 60, 41, 0, 0),
('2022-01-27 13:00:00', 24, 60, 33, 0, 0),
('2022-01-27 14:00:00', 24, 60, 28, 0, 0),
('2022-01-27 15:00:00', 24, 60, 24, 0, 0),
('2022-01-27 16:00:00', 24, 60, 26, 0, 0),
('2022-01-27 17:00:00', 24, 60, 30, 0, 0),
('2022-01-27 18:00:00', 24, 60, 35, 0, 0),
('2022-01-27 19:00:00', 24, 60, 37, 0, 0),
('2022-01-27 20:00:00', 24, 60, 41, 0, 0),
('2022-01-27 21:00:00', 24, 60, 20, 0, 0),
('2022-01-27 22:00:00', 24, 60, 21, 0, 0),
('2022-01-27 23:00:00', 24, 60, 30, 0, 0),
('2022-01-28 00:00:00', 24, 60, 37, 0, 0),
('2022-01-28 01:00:00', 24, 60, 35, 0, 0),
('2022-01-28 02:00:00', 24, 60, 50, 0, 0),
('2022-01-28 03:00:00', 24, 60, 30, 0, 0),
('2022-01-28 04:00:00', 24, 60, 36, 0, 0),
('2022-01-28 05:00:00', 24, 60, 21, 0, 0),
('2022-01-28 06:00:00', 24, 60, 24, 0, 0),
('2022-01-28 07:00:00', 24, 60, 33, 0, 0),
('2022-01-28 08:00:00', 24, 60, 23, 0, 0),
('2022-01-28 09:00:00', 24, 60, 25, 0, 0),
('2022-01-28 10:00:00', 24, 60, 29, 0, 0),
('2022-01-28 11:00:00', 24, 60, 40, 0, 0),
('2022-01-28 12:00:00', 24, 60, 49, 0, 0),
('2022-01-28 13:00:00', 24, 60, 37, 0, 0),
('2022-01-28 14:00:00', 24, 60, 23, 0, 0),
('2022-01-28 15:00:00', 24, 60, 26, 0, 0),
('2022-01-28 16:00:00', 24, 60, 22, 0, 0),
('2022-01-28 17:00:00', 24, 60, 31, 0, 0),
('2022-01-28 18:00:00', 24, 60, 37, 0, 0),
('2022-01-28 19:00:00', 24, 60, 39, 0, 0),
('2022-01-28 20:00:00', 24, 60, 43, 0, 0),
('2022-01-28 21:00:00', 24, 60, 21, 0, 0),
('2022-01-28 22:00:00', 24, 60, 29, 0, 0),
('2022-01-28 23:00:00', 24, 60, 36, 0, 0),
('2022-01-29 00:00:00', 24, 60, 32, 0, 0),
('2022-01-29 01:00:00', 24, 60, 35, 0, 0),
('2022-01-29 02:00:00', 24, 60, 24, 0, 0),
('2022-01-29 03:00:00', 24, 60, 31, 0, 0),
('2022-01-29 04:00:00', 24, 60, 36, 0, 0),
('2022-01-29 05:00:00', 24, 60, 27, 0, 0),
('2022-01-29 06:00:00', 24, 60, 28, 0, 0),
('2022-01-29 07:00:00', 24, 60, 33, 0, 0),
('2022-01-29 08:00:00', 24, 60, 29, 0, 0),
('2022-01-29 09:00:00', 24, 60, 43, 0, 0),
('2022-01-29 10:00:00', 24, 60, 61, 0, 0),
('2022-01-29 11:00:00', 24, 60, 47, 0, 0),
('2022-01-29 12:00:00', 24, 60, 58, 0, 0),
('2022-01-29 13:00:00', 24, 60, 37, 0, 0),
('2022-01-29 14:00:00', 24, 60, 23, 0, 0),
('2022-01-29 15:00:00', 24, 60, 26, 0, 0),
('2022-01-29 16:00:00', 24, 60, 22, 0, 0),
('2022-01-29 17:00:00', 24, 60, 31, 0, 0),
('2022-01-29 18:00:00', 24, 60, 37, 0, 0),
('2022-01-29 19:00:00', 24, 60, 39, 0, 0),
('2022-01-29 20:00:00', 24, 60, 43, 0, 0),
('2022-01-29 21:00:00', 24, 60, 21, 0, 0),
('2022-01-29 22:00:00', 24, 60, 29, 0, 0),
('2022-01-29 23:00:00', 24, 60, 36, 0, 0),
('2022-01-30 00:00:00', 24, 60, 37, 0, 0),
('2022-01-30 01:00:00', 24, 60, 35, 0, 0),
('2022-01-30 02:00:00', 24, 60, 50, 0, 0),
('2022-01-30 03:00:00', 24, 60, 30, 0, 0),
('2022-01-30 04:00:00', 24, 60, 36, 0, 0),
('2022-01-30 05:00:00', 24, 60, 21, 0, 0),
('2022-01-30 06:00:00', 24, 60, 24, 0, 0),
('2022-01-30 07:00:00', 24, 60, 33, 0, 0),
('2022-01-30 08:00:00', 24, 60, 23, 0, 0),
('2022-01-30 09:00:00', 24, 60, 25, 0, 0),
('2022-01-30 10:00:00', 24, 60, 29, 0, 0),
('2022-01-30 11:00:00', 24, 60, 40, 0, 0),
('2022-01-30 12:00:00', 24, 60, 49, 0, 0),
('2022-01-30 13:00:00', 24, 60, 37, 0, 0),
('2022-01-30 14:00:00', 24, 60, 23, 0, 0),
('2022-01-30 15:00:00', 24, 60, 26, 0, 0),
('2022-01-30 16:00:00', 24, 60, 22, 0, 0),
('2022-01-30 17:00:00', 24, 60, 31, 0, 0),
('2022-01-30 18:00:00', 24, 60, 37, 0, 0),
('2022-01-30 19:00:00', 24, 60, 39, 0, 0),
('2022-01-30 20:00:00', 24, 60, 43, 0, 0),
('2022-01-30 21:00:00', 24, 60, 21, 0, 0),
('2022-01-30 22:00:00', 24, 60, 29, 0, 0),
('2022-01-30 23:00:00', 24, 60, 36, 0, 0),
('2022-01-31 00:00:00', 24, 60, 25, 0, 0),
('2022-01-31 01:00:00', 24, 60, 34, 0, 0),
('2022-01-31 02:00:00', 24, 60, 17, 0, 0),
('2022-01-31 03:00:00', 24, 60, 32, 0, 0),
('2022-01-31 04:00:00', 24, 60, 36, 0, 0),
('2022-01-31 05:00:00', 24, 60, 20, 0, 0),
('2022-01-31 06:00:00', 24, 60, 28, 0, 0),
('2022-01-31 07:00:00', 24, 60, 39, 0, 0),
('2022-01-31 08:00:00', 24, 60, 24, 0, 0),
('2022-01-31 09:00:00', 24, 60, 28, 0, 0),
('2022-01-31 10:00:00', 24, 60, 29, 0, 0),
('2022-01-31 11:00:00', 24, 60, 44, 0, 0),
('2022-01-31 12:00:00', 24, 60, 39, 0, 0),
('2022-01-31 13:00:00', 24, 60, 32, 0, 0),
('2022-01-31 14:00:00', 24, 60, 26, 0, 0),
('2022-01-31 15:00:00', 24, 60, 53, 0, 0),
('2022-01-31 16:00:00', 24, 60, 22, 0, 0),
('2022-01-31 17:00:00', 24, 60, 35, 0, 0),
('2022-01-31 18:00:00', 24, 60, 47, 0, 0),
('2022-01-31 19:00:00', 24, 60, 39, 0, 0),
('2022-01-31 20:00:00', 24, 60, 43, 0, 0),
('2022-01-31 21:00:00', 24, 60, 21, 0, 0),
('2022-01-31 22:00:00', 24, 60, 29, 0, 0),
('2022-01-31 23:00:00', 24, 60, 36, 0, 0),
('2022-01-01 00:00:00', 24, 60, 37, 0, 0),
('2022-01-01 01:00:00', 24, 60, 35, 0, 0),
('2022-01-01 02:00:00', 24, 60, 50, 0, 0),
('2022-01-01 03:00:00', 24, 60, 30, 0, 0),
('2022-01-01 04:00:00', 24, 60, 36, 0, 0),
('2022-01-01 05:00:00', 24, 60, 21, 0, 0),
('2022-01-01 06:00:00', 24, 60, 24, 0, 0),
('2022-01-01 07:00:00', 24, 60, 33, 0, 0),
('2022-01-01 08:00:00', 24, 60, 23, 0, 0),
('2022-01-01 09:00:00', 24, 60, 25, 0, 0),
('2022-01-01 10:00:00', 24, 60, 29, 0, 0),
('2022-01-01 11:00:00', 24, 60, 40, 0, 0),
('2022-01-01 12:00:00', 24, 60, 49, 0, 0),
('2022-01-01 13:00:00', 24, 60, 37, 0, 0),
('2022-01-01 14:00:00', 24, 60, 23, 0, 0),
('2022-01-01 15:00:00', 24, 60, 26, 0, 0),
('2022-01-01 16:00:00', 24, 60, 22, 0, 0),
('2022-01-01 17:00:00', 24, 60, 31, 0, 0),
('2022-01-01 18:00:00', 24, 60, 37, 0, 0),
('2022-01-01 19:00:00', 24, 60, 39, 0, 0),
('2022-01-01 20:00:00', 24, 60, 43, 0, 0),
('2022-01-01 21:00:00', 24, 60, 21, 0, 0),
('2022-01-01 22:00:00', 24, 60, 29, 0, 0),
('2022-01-01 23:00:00', 24, 60, 36, 0, 0),
('2022-01-02 00:00:00', 24, 60, 40, 0, 0),
('2022-01-02 01:00:00', 24, 60, 35, 0, 0),
('2022-01-02 02:00:00', 24, 60, 52, 0, 0),
('2022-01-02 03:00:00', 24, 60, 37, 0, 0),
('2022-01-02 04:00:00', 24, 60, 36, 0, 0),
('2022-01-02 05:00:00', 24, 60, 21, 0, 0),
('2022-01-02 06:00:00', 24, 60, 27, 0, 0),
('2022-01-02 07:00:00', 24, 60, 33, 0, 0),
('2022-01-02 08:00:00', 24, 60, 23, 0, 0),
('2022-01-02 09:00:00', 24, 60, 26, 0, 0),
('2022-01-02 10:00:00', 24, 60, 30, 0, 0),
('2022-01-02 11:00:00', 24, 60, 40, 0, 0),
('2022-01-02 12:00:00', 24, 60, 41, 0, 0),
('2022-01-01 00:00:00', 24, 60, 37, 0, 0),
('2022-02-01 00:00:00', 24, 60, 37, 0, 0),
('2022-02-01 01:00:00', 24, 60, 35, 0, 0),
('2022-02-01 02:00:00', 24, 60, 50, 0, 0),
('2022-02-01 03:00:00', 24, 60, 30, 0, 0),
('2022-02-01 04:00:00', 24, 60, 36, 0, 0),
('2022-02-01 05:00:00', 24, 60, 21, 0, 0),
('2022-02-01 06:00:00', 24, 60, 24, 0, 0),
('2022-02-01 07:00:00', 24, 60, 33, 0, 0),
('2022-02-01 08:00:00', 24, 60, 23, 0, 0),
('2022-02-01 09:00:00', 24, 60, 25, 0, 0),
('2022-02-01 10:00:00', 24, 60, 29, 0, 0),
('2022-02-01 11:00:00', 24, 60, 40, 0, 0),
('2022-02-01 12:00:00', 24, 60, 49, 0, 0),
('2022-02-01 13:00:00', 24, 60, 37, 0, 0),
('2022-02-01 14:00:00', 24, 60, 23, 0, 0),
('2022-02-01 15:00:00', 24, 60, 26, 0, 0),
('2022-02-01 16:00:00', 24, 60, 22, 0, 0),
('2022-02-01 17:00:00', 24, 60, 31, 0, 0),
('2022-02-01 18:00:00', 24, 60, 37, 0, 0),
('2022-02-01 19:00:00', 24, 60, 39, 0, 0),
('2022-02-01 20:00:00', 24, 60, 43, 0, 0),
('2022-02-01 21:00:00', 24, 60, 21, 0, 0),
('2022-02-01 22:00:00', 24, 60, 29, 0, 0),
('2022-02-01 23:00:00', 24, 60, 36, 0, 0),
('2022-02-02 00:00:00', 24, 60, 35, 0, 0),
('2022-02-02 01:00:00', 24, 60, 35, 0, 0),
('2022-02-02 02:00:00', 24, 60, 52, 0, 0),
('2022-02-02 03:00:00', 24, 60, 31, 0, 0),
('2022-02-02 04:00:00', 24, 60, 36, 0, 0),
('2022-02-02 05:00:00', 24, 60, 28, 0, 0),
('2022-02-02 06:00:00', 24, 60, 24, 0, 0),
('2022-02-02 07:00:00', 24, 60, 35, 0, 0),
('2022-02-02 08:00:00', 24, 60, 23, 0, 0),
('2022-02-02 09:00:00', 24, 60, 26, 0, 0),
('2022-02-02 10:00:00', 24, 60, 27, 0, 0),
('2022-02-02 11:00:00', 24, 60, 47, 0, 0),
('2022-02-02 12:00:00', 24, 60, 52, 0, 0),
('2022-02-02 13:00:00', 24, 60, 30, 0, 0),
('2022-02-02 14:00:00', 24, 60, 27, 0, 0),
('2022-02-02 15:00:00', 24, 60, 26, 0, 0),
('2022-02-02 16:00:00', 24, 60, 26, 0, 0),
('2022-02-02 17:00:00', 24, 60, 31, 0, 0),
('2022-02-02 18:00:00', 24, 60, 39, 0, 0),
('2022-02-02 19:00:00', 24, 60, 39, 0, 0),
('2022-02-02 20:00:00', 24, 60, 49, 0, 0),
('2022-02-02 21:00:00', 24, 60, 21, 0, 0),
('2022-02-02 22:00:00', 24, 60, 52, 0, 0),
('2022-02-02 23:00:00', 24, 60, 36, 0, 0),
('2022-02-03 00:00:00', 24, 60, 35, 0, 0),
('2022-02-03 01:00:00', 24, 60, 35, 0, 0),
('2022-02-03 02:00:00', 24, 60, 52, 0, 0),
('2022-02-03 03:00:00', 24, 60, 31, 0, 0),
('2022-02-03 04:00:00', 24, 60, 36, 0, 0),
('2022-02-03 05:00:00', 24, 60, 28, 0, 0),
('2022-02-03 06:00:00', 24, 60, 24, 0, 0),
('2022-02-03 07:00:00', 24, 60, 35, 0, 0),
('2022-02-03 08:00:00', 24, 60, 23, 0, 0),
('2022-02-03 09:00:00', 24, 60, 26, 0, 0),
('2022-02-03 10:00:00', 24, 60, 27, 0, 0),
('2022-02-03 11:00:00', 24, 60, 47, 0, 0),
('2022-02-03 12:00:00', 24, 60, 52, 0, 0),
('2022-02-03 13:00:00', 24, 60, 30, 0, 0),
('2022-02-03 14:00:00', 24, 60, 27, 0, 0),
('2022-02-03 15:00:00', 24, 60, 26, 0, 0),
('2022-02-03 16:00:00', 24, 60, 26, 0, 0),
('2022-02-03 17:00:00', 24, 60, 31, 0, 0),
('2022-02-03 18:00:00', 24, 60, 39, 0, 0),
('2022-02-03 19:00:00', 24, 60, 39, 0, 0),
('2022-02-03 20:00:00', 24, 60, 49, 0, 0),
('2022-02-03 21:00:00', 24, 60, 21, 0, 0),
('2022-02-03 22:00:00', 24, 60, 52, 0, 0),
('2022-02-03 23:00:00', 24, 60, 36, 0, 0),
('2022-02-04 00:00:00', 24, 60, 35, 50, 1),
('2022-02-04 01:00:00', 24, 60, 35, 52, 1),
('2022-02-04 02:00:00', 24, 60, 52, 45, 1),
('2022-02-04 03:00:00', 24, 60, 31, 41, 1),
('2022-02-04 04:00:00', 24, 60, 36, 45, 1),
('2022-02-04 05:00:00', 24, 60, 28, 39, 1),
('2022-02-04 06:00:00', 24, 60, 24, 54, 1),
('2022-02-04 07:00:00', 24, 60, 35, 74, 1),
('2022-02-04 08:00:00', 24, 60, 23, 63, 1),
('2022-02-04 09:00:00', 24, 60, 26, 75, 1),
('2022-02-04 10:00:00', 24, 60, 27, 82, 1),
('2022-02-04 11:00:00', 24, 60, 47, 82, 1),
('2022-02-04 12:00:00', 24, 60, 52, 71, 1),
('2022-02-04 13:00:00', 24, 60, 30, 77, 1),
('2022-02-04 14:00:00', 24, 60, 27, 69, 1),
('2022-02-04 15:00:00', 24, 60, 26, 71, 1),
('2022-02-04 16:00:00', 24, 60, 26, 84, 1),
('2022-02-04 17:00:00', 24, 60, 31, 87, 1),
('2022-02-04 18:00:00', 24, 60, 39, 77, 1),
('2022-02-04 19:00:00', 24, 60, 39, 57, 1),
('2022-02-04 20:00:00', 24, 60, 49, 47, 1),
('2022-02-04 21:00:00', 24, 60, 21, 53, 1),
('2022-02-04 22:00:00', 24, 60, 52, 68, 1),
('2022-02-04 23:00:00', 24, 60, 36, 49, 1),
('2022-02-05 00:00:00', 24, 60, 35, 50, 1),
('2022-02-05 01:00:00', 24, 60, 36, 52, 1),
('2022-02-05 02:00:00', 24, 60, 52, 45, 1),
('2022-02-05 03:00:00', 24, 60, 31, 41, 1),
('2022-02-05 04:00:00', 24, 60, 37, 45, 1),
('2022-02-05 05:00:00', 24, 60, 28, 39, 1),
('2022-02-05 06:00:00', 24, 60, 25, 54, 1),
('2022-02-05 07:00:00', 24, 60, 35, 74, 1),
('2022-02-05 08:00:00', 24, 60, 23, 63, 1),
('2022-02-05 09:00:00', 24, 60, 26, 75, 1),
('2022-02-05 10:00:00', 24, 60, 23, 82, 1),
('2022-02-05 11:00:00', 24, 60, 47, 82, 1),
('2022-02-05 12:00:00', 24, 60, 54, 71, 1),
('2022-02-05 13:00:00', 24, 60, 39, 77, 1),
('2022-02-05 14:00:00', 24, 60, 27, 69, 1),
('2022-02-05 15:00:00', 24, 60, 26, 71, 1),
('2022-02-05 16:00:00', 24, 60, 26, 84, 1),
('2022-02-05 17:00:00', 24, 60, 31, 87, 1),
('2022-02-05 18:00:00', 24, 60, 39, 77, 1),
('2022-02-05 19:00:00', 24, 60, 39, 57, 1),
('2022-02-05 20:00:00', 24, 60, 49, 47, 1),
('2022-02-05 21:00:00', 24, 60, 27, 53, 1),
('2022-02-05 22:00:00', 24, 60, 52, 80, 1),
('2022-02-05 23:00:00', 24, 60, 36, 70, 1),
('2022-02-06 00:00:00', 28, 67, 35, 50, 1),
('2022-02-06 01:00:00', 25, 61, 35, 52, 1),
('2022-02-06 02:00:00', 27, 69, 52, 45, 1),
('2022-02-06 03:00:00', 29, 72, 31, 41, 1),
('2022-02-06 04:00:00', 38, 63, 36, 45, 1),
('2022-02-06 05:00:00', 22, 74, 28, 39, 1),
('2022-02-06 06:00:00', 31, 69, 24, 54, 1),
('2022-02-06 07:00:00', 21, 79, 35, 74, 1),
('2022-02-06 08:00:00', 37, 76, 23, 63, 1),
('2022-02-06 09:00:00', 30, 78, 26, 75, 1),
('2022-02-06 10:00:00', 32, 75, 27, 82, 1),
('2022-02-06 11:00:00', 38, 80, 47, 82, 1),
('2022-02-06 12:00:00', 27, 74, 52, 71, 1),
('2022-02-06 13:00:00', 34, 54, 30, 77, 1),
('2022-02-06 14:00:00', 26, 72, 27, 69, 1),
('2022-02-06 15:00:00', 37, 67, 26, 71, 1),
('2022-02-06 16:00:00', 41, 71, 26, 84, 1),
('2022-02-06 17:00:00', 38, 63, 31, 87, 1),
('2022-02-06 18:00:00', 29, 63, 39, 77, 1),
('2022-02-06 19:00:00', 39, 80, 39, 57, 1),
('2022-02-06 20:00:00', 32, 66, 49, 47, 1),
('2022-02-06 21:00:00', 40, 90, 21, 53, 1),
('2022-02-06 22:00:00', 40, 69, 52, 68, 1),
('2022-02-06 23:00:00', 74, 71, 36, 49, 1),
('2022-02-06 18:11:14', 41, 57, 26, 40, 2),
('2022-02-07 00:00:00', 28, 51, 27, 50, 1),
('2022-02-07 01:00:00', 28, 61, 35, 52, 1),
('2022-02-07 02:00:00', 26, 69, 24, 45, 1),
('2022-02-07 03:00:00', 27, 72, 29, 41, 1),
('2022-02-07 04:00:00', 29, 63, 36, 45, 1),
('2022-02-07 05:00:00', 25, 74, 28, 39, 1),
('2022-02-07 06:00:00', 26, 67, 25, 54, 1),
('2022-02-07 07:00:00', 26, 79, 36, 74, 1),
('2022-02-07 08:00:00', 29, 76, 24, 63, 1),
('2022-02-07 09:00:00', 27, 78, 24, 75, 1),
('2022-02-07 10:00:00', 32, 75, 28, 82, 1),
('2022-02-07 11:00:00', 28, 80, 40, 82, 1),
('2022-02-07 12:00:00', 27, 79, 42, 71, 1),
('2022-02-07 13:00:00', 30, 54, 50, 77, 1),
('2022-02-07 14:00:00', 26, 72, 29, 69, 1),
('2022-02-07 15:00:00', 36, 67, 36, 71, 1),
('2022-02-07 16:00:00', 32, 71, 28, 84, 1),
('2022-02-07 17:00:00', 34, 63, 32, 87, 1),
('2022-02-07 18:00:00', 29, 64, 31, 77, 1),
('2022-02-07 19:00:00', 27, 65, 34, 57, 1),
('2022-02-07 20:00:00', 32, 61, 25, 47, 1),
('2022-02-07 21:00:00', 28, 74, 22, 53, 1),
('2022-02-07 22:00:00', 38, 65, 23, 68, 1),
('2022-02-07 23:00:00', 24, 61, 28, 49, 1),
('2022-02-08 00:00:00', 28, 51, 27, 50, 1),
('2022-02-08 01:00:00', 28, 61, 35, 52, 1),
('2022-02-08 02:00:00', 26, 69, 24, 45, 1),
('2022-02-08 03:00:00', 27, 72, 21, 41, 1),
('2022-02-08 04:00:00', 29, 63, 36, 45, 1),
('2022-02-08 05:00:00', 25, 74, 28, 39, 1),
('2022-02-08 06:00:00', 26, 67, 25, 54, 1),
('2022-02-08 07:00:00', 26, 79, 36, 74, 1),
('2022-02-08 08:00:00', 29, 76, 24, 63, 1),
('2022-02-08 09:00:00', 27, 78, 24, 75, 1),
('2022-02-08 10:00:00', 34, 75, 28, 82, 1),
('2022-02-08 11:00:00', 32, 80, 23, 82, 1),
('2022-02-08 12:00:00', 27, 79, 42, 71, 1),
('2022-02-08 13:00:00', 36, 54, 42, 77, 1),
('2022-02-08 14:00:00', 31, 72, 24, 69, 1),
('2022-02-08 15:00:00', 36, 67, 36, 71, 1),
('2022-02-08 16:00:00', 32, 71, 28, 84, 1),
('2022-02-08 17:00:00', 34, 63, 32, 87, 1),
('2022-02-08 18:00:00', 29, 64, 32, 77, 1),
('2022-02-08 19:00:00', 27, 65, 34, 57, 1),
('2022-02-08 20:00:00', 32, 61, 26, 47, 1),
('2022-02-08 21:00:00', 28, 74, 22, 53, 1),
('2022-02-08 22:00:00', 38, 65, 24, 68, 1),
('2022-02-08 23:00:00', 24, 61, 28, 49, 1),
('2022-02-09 00:00:00', 28, 51, 27, 50, 1),
('2022-02-09 01:00:00', 28, 61, 35, 52, 1),
('2022-02-09 02:00:00', 26, 69, 24, 45, 1),
('2022-02-09 03:00:00', 27, 72, 29, 41, 1),
('2022-02-09 04:00:00', 29, 63, 36, 45, 1),
('2022-02-09 05:00:00', 25, 74, 28, 39, 1),
('2022-02-09 06:00:00', 26, 67, 25, 54, 1),
('2022-02-09 07:00:00', 26, 79, 36, 74, 1),
('2022-02-09 08:00:00', 29, 76, 24, 63, 1),
('2022-02-09 09:00:00', 27, 78, 24, 75, 1),
('2022-02-09 10:00:00', 32, 75, 28, 82, 1),
('2022-02-09 11:00:00', 28, 80, 40, 82, 1),
('2022-02-09 12:00:00', 27, 79, 42, 71, 1),
('2022-02-09 13:00:00', 30, 54, 50, 77, 1),
('2022-02-09 14:00:00', 26, 72, 29, 69, 1),
('2022-02-09 15:00:00', 36, 67, 36, 71, 1),
('2022-02-09 16:00:00', 32, 71, 28, 84, 1),
('2022-02-09 17:00:00', 34, 63, 32, 87, 1),
('2022-02-09 18:00:00', 29, 64, 31, 77, 1),
('2022-02-09 19:00:00', 27, 65, 34, 57, 1),
('2022-02-09 20:00:00', 32, 61, 25, 47, 1),
('2022-02-09 21:00:00', 28, 74, 22, 53, 1),
('2022-02-09 22:00:00', 38, 65, 23, 68, 1),
('2022-02-09 23:00:00', 24, 61, 28, 49, 1),
('2022-02-09 15:01:38', 26, 71, 24, 60, 2),
('2022-02-10 00:00:00', 28, 51, 27, 50, 1),
('2022-02-10 01:00:00', 28, 61, 35, 52, 1),
('2022-02-10 02:00:00', 26, 69, 24, 45, 1),
('2022-02-10 03:00:00', 27, 72, 29, 41, 1),
('2022-02-10 04:00:00', 29, 63, 36, 45, 1),
('2022-02-10 05:00:00', 25, 74, 28, 39, 1),
('2022-02-10 06:00:00', 26, 67, 25, 54, 1),
('2022-02-10 07:00:00', 26, 79, 36, 74, 1),
('2022-02-10 08:00:00', 29, 76, 24, 63, 1),
('2022-02-10 09:00:00', 27, 78, 24, 75, 1),
('2022-02-10 10:00:00', 32, 75, 28, 82, 1),
('2022-02-10 11:00:00', 28, 80, 40, 82, 1),
('2022-02-10 12:00:00', 27, 79, 42, 71, 1),
('2022-02-10 13:00:00', 30, 54, 50, 77, 1),
('2022-02-10 14:00:00', 26, 72, 29, 69, 1),
('2022-02-10 15:00:00', 36, 67, 36, 71, 1),
('2022-02-10 16:00:00', 32, 71, 28, 84, 1),
('2022-02-10 17:00:00', 34, 63, 32, 87, 1),
('2022-02-10 18:00:00', 29, 64, 31, 77, 1),
('2022-02-10 19:00:00', 27, 65, 34, 57, 1),
('2022-02-10 20:00:00', 32, 61, 25, 47, 1),
('2022-02-10 21:00:00', 28, 74, 22, 53, 1),
('2022-02-10 22:00:00', 38, 65, 23, 68, 1),
('2022-02-10 23:00:00', 24, 61, 28, 49, 1),
('2022-02-10 00:00:00', 28, 51, 27, 50, 2),
('2022-02-10 01:00:00', 28, 61, 35, 52, 2),
('2022-02-10 02:00:00', 26, 69, 24, 45, 2),
('2022-02-10 03:00:00', 27, 72, 29, 41, 2),
('2022-02-10 04:00:00', 29, 63, 36, 45, 2),
('2022-02-10 05:00:00', 25, 74, 28, 39, 2),
('2022-02-10 06:00:00', 26, 67, 25, 54, 2),
('2022-02-10 07:00:00', 26, 79, 36, 74, 2),
('2022-02-10 08:00:00', 29, 76, 24, 63, 2),
('2022-02-10 09:00:00', 27, 78, 24, 75, 2),
('2022-02-10 10:00:00', 32, 75, 28, 82, 2),
('2022-02-10 11:00:00', 28, 80, 40, 82, 2),
('2022-02-10 12:00:00', 27, 79, 42, 71, 2),
('2022-02-10 13:00:00', 30, 54, 50, 77, 2),
('2022-02-10 14:00:00', 26, 72, 29, 69, 2),
('2022-02-10 15:00:00', 36, 67, 36, 71, 2),
('2022-02-10 16:00:00', 32, 71, 28, 84, 2),
('2022-02-10 17:00:00', 34, 63, 32, 87, 2),
('2022-02-10 18:00:00', 29, 64, 31, 77, 2),
('2022-02-10 19:00:00', 27, 65, 34, 57, 2),
('2022-02-10 20:00:00', 32, 61, 25, 47, 2),
('2022-02-10 21:00:00', 28, 74, 22, 53, 2),
('2022-02-10 22:00:00', 38, 65, 23, 68, 2),
('2022-02-10 23:00:00', 24, 61, 28, 49, 2),
('2022-02-11 00:00:00', 28, 51, 27, 50, 1),
('2022-02-11 01:00:00', 28, 61, 35, 52, 1),
('2022-02-11 02:00:00', 26, 69, 24, 45, 1),
('2022-02-11 03:00:00', 27, 72, 29, 41, 1),
('2022-02-11 04:00:00', 29, 63, 36, 45, 1),
('2022-02-11 05:00:00', 25, 74, 28, 39, 1),
('2022-02-11 06:00:00', 26, 67, 25, 54, 1),
('2022-02-11 07:00:00', 26, 79, 36, 74, 1),
('2022-02-11 08:00:00', 29, 76, 24, 63, 1),
('2022-02-11 09:00:00', 27, 78, 24, 75, 1),
('2022-02-11 10:00:00', 32, 75, 28, 82, 1),
('2022-02-11 11:00:00', 28, 80, 40, 82, 1),
('2022-02-11 12:00:00', 27, 79, 42, 71, 1),
('2022-02-11 13:00:00', 30, 54, 50, 77, 1),
('2022-02-11 14:00:00', 26, 72, 29, 69, 1),
('2022-02-11 15:00:00', 36, 67, 36, 71, 1),
('2022-02-11 16:00:00', 32, 71, 28, 84, 1),
('2022-02-11 17:00:00', 34, 63, 32, 87, 1),
('2022-02-11 18:00:00', 29, 64, 31, 77, 1),
('2022-02-11 19:00:00', 27, 65, 34, 57, 1),
('2022-02-11 20:00:00', 32, 61, 25, 47, 1),
('2022-02-11 21:00:00', 28, 74, 22, 53, 1),
('2022-02-11 22:00:00', 38, 65, 23, 68, 1),
('2022-02-11 23:00:00', 24, 61, 28, 49, 1),
('2022-02-12 00:00:00', 28, 51, 27, 50, 1),
('2022-02-12 01:00:00', 28, 61, 35, 52, 1),
('2022-02-12 02:00:00', 26, 69, 24, 45, 1),
('2022-02-12 03:00:00', 27, 72, 29, 41, 1),
('2022-02-12 04:00:00', 29, 63, 36, 45, 1),
('2022-02-12 05:00:00', 25, 74, 28, 39, 1),
('2022-02-12 06:00:00', 26, 67, 25, 54, 1),
('2022-02-12 07:00:00', 26, 79, 36, 74, 1),
('2022-02-12 08:00:00', 29, 76, 24, 63, 1),
('2022-02-12 09:00:00', 27, 78, 24, 75, 1),
('2022-02-12 10:00:00', 32, 75, 28, 82, 1),
('2022-02-12 11:00:00', 28, 80, 40, 82, 1),
('2022-02-12 12:00:00', 27, 79, 42, 71, 1),
('2022-02-12 13:00:00', 30, 54, 50, 77, 1),
('2022-02-12 14:00:00', 32, 72, 29, 69, 1),
('2022-02-12 15:00:00', 29, 67, 36, 71, 1),
('2022-02-12 16:00:00', 28, 71, 28, 84, 1),
('2022-02-12 17:00:00', 28, 63, 32, 87, 1),
('2022-02-12 18:00:00', 27, 64, 31, 77, 1),
('2022-02-12 19:00:00', 27, 65, 34, 57, 1),
('2022-02-12 20:00:00', 24, 61, 25, 47, 1),
('2022-02-12 21:00:00', 28, 74, 22, 53, 1),
('2022-02-12 22:00:00', 26, 65, 23, 68, 1),
('2022-02-12 23:00:00', 24, 61, 28, 49, 1),
('2022-02-13 00:00:00', 28, 51, 27, 50, 1),
('2022-02-13 01:00:00', 28, 61, 35, 52, 1),
('2022-02-13 02:00:00', 26, 69, 24, 45, 1),
('2022-02-13 03:00:00', 27, 72, 29, 41, 1),
('2022-02-13 04:00:00', 29, 63, 36, 45, 1),
('2022-02-13 05:00:00', 25, 74, 28, 39, 1),
('2022-02-13 06:00:00', 26, 67, 25, 54, 1),
('2022-02-13 07:00:00', 26, 79, 36, 74, 1),
('2022-02-13 08:00:00', 29, 76, 24, 63, 1),
('2022-02-13 09:00:00', 27, 78, 24, 75, 1),
('2022-02-13 10:00:00', 32, 75, 28, 82, 1),
('2022-02-13 11:00:00', 28, 80, 40, 82, 1),
('2022-02-13 12:00:00', 27, 79, 42, 71, 1),
('2022-02-13 13:00:00', 30, 54, 50, 77, 1),
('2022-02-13 14:00:00', 32, 72, 29, 69, 1),
('2022-02-13 15:00:00', 29, 67, 36, 71, 1),
('2022-02-13 16:00:00', 28, 71, 28, 84, 1),
('2022-02-13 17:00:00', 28, 63, 32, 87, 1),
('2022-02-13 18:00:00', 27, 64, 31, 77, 1),
('2022-02-13 19:00:00', 27, 65, 34, 57, 1),
('2022-02-13 20:00:00', 24, 61, 25, 47, 1),
('2022-02-13 21:00:00', 28, 74, 22, 53, 1),
('2022-02-13 22:00:00', 26, 65, 23, 68, 1),
('2022-02-13 23:00:00', 24, 61, 28, 49, 1),
('2022-02-14 00:00:00', 28, 51, 27, 50, 1),
('2022-02-14 01:00:00', 28, 61, 35, 52, 1),
('2022-02-14 02:00:00', 26, 69, 24, 45, 1),
('2022-02-14 03:00:00', 27, 72, 29, 41, 1),
('2022-02-14 04:00:00', 29, 63, 36, 45, 1),
('2022-02-14 05:00:00', 25, 74, 28, 39, 1),
('2022-02-14 06:00:00', 26, 67, 25, 54, 1),
('2022-02-14 07:00:00', 26, 79, 36, 74, 1),
('2022-02-14 08:00:00', 29, 76, 24, 63, 1),
('2022-02-14 09:00:00', 27, 78, 24, 75, 1),
('2022-02-14 10:00:00', 32, 75, 28, 82, 1),
('2022-02-14 11:00:00', 28, 80, 40, 82, 1),
('2022-02-14 12:00:00', 27, 79, 42, 71, 1),
('2022-02-14 13:00:00', 30, 54, 50, 77, 1),
('2022-02-14 14:00:00', 32, 72, 29, 69, 1),
('2022-02-14 15:00:00', 29, 67, 36, 71, 1),
('2022-02-14 16:00:00', 28, 71, 28, 84, 1),
('2022-02-14 17:00:00', 28, 63, 32, 87, 1),
('2022-02-14 18:00:00', 27, 64, 31, 77, 1),
('2022-02-14 19:00:00', 27, 65, 34, 57, 1),
('2022-02-14 20:00:00', 24, 61, 25, 47, 1),
('2022-02-14 21:00:00', 28, 74, 22, 53, 1),
('2022-02-14 22:00:00', 26, 65, 23, 68, 1),
('2022-02-14 23:00:00', 24, 61, 28, 49, 1),
('2022-02-15 00:00:00', 28, 51, 27, 50, 1),
('2022-02-15 01:00:00', 28, 61, 35, 52, 1),
('2022-02-15 02:00:00', 26, 69, 24, 45, 1),
('2022-02-15 03:00:00', 27, 72, 29, 41, 1),
('2022-02-15 04:00:00', 29, 63, 36, 45, 1),
('2022-02-15 05:00:00', 25, 74, 28, 39, 1),
('2022-02-15 06:00:00', 26, 67, 25, 54, 1),
('2022-02-15 07:00:00', 26, 79, 36, 74, 1),
('2022-02-15 08:00:00', 29, 76, 24, 63, 1),
('2022-02-15 09:00:00', 27, 78, 24, 75, 1),
('2022-02-15 10:00:00', 32, 75, 28, 82, 1),
('2022-02-15 11:00:00', 28, 80, 40, 82, 1),
('2022-02-15 12:00:00', 27, 79, 42, 71, 1),
('2022-02-15 13:00:00', 30, 54, 50, 77, 1),
('2022-02-15 14:00:00', 32, 72, 29, 69, 1),
('2022-02-15 15:00:00', 29, 67, 36, 71, 1),
('2022-02-15 16:00:00', 28, 71, 28, 84, 1),
('2022-02-15 17:00:00', 28, 63, 32, 87, 1),
('2022-02-15 18:00:00', 27, 64, 31, 77, 1),
('2022-02-15 19:00:00', 27, 65, 34, 57, 1),
('2022-02-15 20:00:00', 24, 61, 25, 47, 1),
('2022-02-15 21:00:00', 28, 74, 22, 53, 1),
('2022-02-15 22:00:00', 26, 65, 23, 68, 1),
('2022-02-15 23:00:00', 24, 61, 28, 49, 1),
('2022-02-16 00:00:00', 28, 51, 27, 50, 1),
('2022-02-16 01:00:00', 28, 61, 35, 52, 1),
('2022-02-16 02:00:00', 26, 69, 24, 45, 1),
('2022-02-16 03:00:00', 27, 72, 29, 41, 1),
('2022-02-16 04:00:00', 29, 63, 36, 45, 1),
('2022-02-16 05:00:00', 25, 74, 28, 39, 1),
('2022-02-16 06:00:00', 26, 67, 25, 54, 1),
('2022-02-16 07:00:00', 26, 79, 36, 74, 1),
('2022-02-16 08:00:00', 29, 76, 24, 63, 1),
('2022-02-16 09:00:00', 27, 78, 24, 75, 1),
('2022-02-16 10:00:00', 32, 75, 28, 82, 1),
('2022-02-16 11:00:00', 28, 80, 40, 82, 1),
('2022-02-16 12:00:00', 27, 79, 42, 71, 1),
('2022-02-16 13:00:00', 30, 54, 50, 77, 1),
('2022-02-16 14:00:00', 32, 72, 29, 69, 1),
('0000-00-00 00:00:00', 0, 0, 0, 0, 0),
('2022-02-16 15:00:00', 31, 40, 36, 71, 1),
('2022-02-16 16:00:00', 28, 51, 28, 84, 1),
('2022-02-16 17:00:00', 28, 53, 33, 87, 1),
('2022-02-16 18:00:00', 27, 64, 31, 61, 1),
('2022-02-16 19:00:00', 27, 65, 35, 57, 1),
('2022-02-16 20:00:00', 24, 61, 28, 47, 1),
('2022-02-16 21:00:00', 28, 74, 22, 53, 1),
('2022-02-16 22:00:00', 27, 5, 29, 68, 1),
('2022-02-16 23:00:00', 24, 61, 28, 49, 1),
('2022-02-17 00:00:00', 28, 51, 27, 50, 1),
('2022-02-17 01:00:00', 28, 61, 35, 52, 1),
('2022-02-17 02:00:00', 26, 69, 24, 45, 1),
('2022-02-17 03:00:00', 27, 72, 29, 41, 1),
('2022-02-17 04:00:00', 29, 63, 36, 47, 1),
('2022-02-17 05:00:00', 25, 74, 28, 39, 1),
('2022-02-17 06:00:00', 26, 67, 25, 50, 1),
('2022-02-17 07:00:00', 26, 79, 36, 54, 1),
('2022-02-17 08:00:00', 29, 76, 24, 30, 1),
('2022-02-17 09:00:00', 27, 78, 24, 45, 1),
('2022-02-17 10:00:00', 32, 70, 28, 73, 1),
('2022-02-17 11:00:00', 28, 80, 40, 62, 1),
('2022-02-17 12:00:00', 27, 51, 42, 52, 1),
('2022-02-17 13:00:00', 30, 54, 50, 57, 1),
('2022-02-17 14:00:00', 32, 40, 29, 60, 1),
('2022-02-17 15:00:00', 29, 67, 36, 71, 1),
('2022-02-17 16:00:00', 28, 39, 28, 61, 1),
('2022-02-17 17:00:00', 28, 63, 32, 84, 1),
('2022-02-17 18:00:00', 27, 47, 31, 77, 1),
('2022-02-17 19:00:00', 27, 65, 34, 63, 1),
('2022-02-17 20:00:00', 27, 58, 25, 42, 1),
('2022-02-17 21:00:00', 28, 74, 22, 33, 1),
('2022-02-17 22:00:00', 29, 62, 23, 30, 1),
('2022-02-17 23:00:00', 24, 61, 28, 37, 1),
('2022-02-18 00:00:00', 28, 51, 27, 50, 1),
('2022-02-18 01:00:00', 28, 61, 35, 52, 1),
('2022-02-18 02:00:00', 26, 69, 24, 43, 1),
('2022-02-18 03:00:00', 27, 72, 29, 30, 1),
('2022-02-18 04:00:00', 29, 63, 36, 47, 1),
('2022-02-18 05:00:00', 25, 74, 28, 31, 1),
('2022-02-18 06:00:00', 26, 67, 25, 50, 1),
('2022-02-18 07:00:00', 26, 79, 16, 49, 1),
('2022-02-18 08:00:00', 29, 76, 24, 30, 1),
('2022-02-18 09:00:00', 27, 78, 24, 42, 1),
('2022-02-18 10:00:00', 32, 70, 28, 73, 1),
('2022-02-18 11:00:00', 28, 80, 34, 40, 1),
('2022-02-18 12:00:00', 27, 51, 42, 52, 1),
('2022-02-18 13:00:00', 30, 54, 19, 50, 1),
('2022-02-18 14:00:00', 32, 40, 29, 60, 1),
('2022-02-18 15:00:00', 29, 67, 36, 60, 1),
('2022-02-18 16:00:00', 28, 39, 28, 61, 1),
('2022-02-18 17:00:00', 28, 63, 22, 20, 1),
('2022-02-18 18:00:00', 27, 47, 31, 77, 1),
('2022-02-18 19:00:00', 27, 65, 14, 16, 1),
('2022-02-18 20:00:00', 27, 29, 25, 42, 1),
('2022-02-18 21:00:00', 28, 74, 22, 9, 1),
('2022-02-18 22:00:00', 29, 54, 23, 30, 1),
('2022-02-18 23:00:00', 24, 61, 28, 37, 1),
('2022-02-19 00:00:00', 29, 51, 27, 50, 1),
('2022-02-19 01:00:00', 28, 61, 35, 52, 1),
('2022-02-19 02:00:00', 26, 49, 24, 43, 1),
('2022-02-19 03:00:00', 27, 32, 29, 30, 1),
('2022-02-19 04:00:00', 29, 63, 26, 47, 1),
('2022-02-19 05:00:00', 25, 24, 28, 31, 1),
('2022-02-19 06:00:00', 26, 67, 15, 50, 1),
('2022-02-19 07:00:00', 26, 69, 16, 49, 1),
('2022-02-19 08:00:00', 29, 76, 24, 30, 1),
('2022-02-19 09:00:00', 27, 58, 24, 42, 1),
('2022-02-19 10:00:00', 32, 70, 28, 73, 1),
('2022-02-19 11:00:00', 28, 40, 34, 40, 1),
('2022-02-19 12:00:00', 27, 51, 32, 52, 1),
('2022-02-19 13:00:00', 30, 44, 19, 50, 1),
('2022-02-19 14:00:00', 32, 40, 29, 60, 1),
('2022-02-19 15:00:00', 29, 57, 36, 60, 1),
('2022-02-19 16:00:00', 28, 39, 18, 61, 1),
('2022-02-19 17:00:00', 28, 63, 22, 20, 1),
('2022-02-19 18:00:00', 27, 29, 41, 77, 1),
('2022-02-19 19:00:00', 27, 45, 14, 16, 1),
('2022-02-19 20:00:00', 27, 26, 24, 42, 1),
('2022-02-19 21:00:00', 28, 54, 26, 19, 1),
('2022-02-19 22:00:00', 29, 57, 25, 30, 1),
('2022-02-19 23:00:00', 24, 51, 22, 37, 1),
('2022-02-20 00:00:00', 29, 51, 27, 50, 1),
('2022-02-20 01:00:00', 28, 61, 39, 52, 1),
('2022-02-20 02:00:00', 26, 49, 24, 43, 1),
('2022-02-20 03:00:00', 27, 32, 29, 30, 1),
('2022-02-20 04:00:00', 29, 63, 21, 44, 1),
('2022-02-20 05:00:00', 25, 24, 28, 31, 1),
('2022-02-20 06:00:00', 26, 67, 37, 57, 1),
('2022-02-20 07:00:00', 26, 69, 16, 49, 1),
('2022-02-20 08:00:00', 29, 76, 23, 33, 1),
('2022-02-20 09:00:00', 27, 58, 24, 42, 1),
('2022-02-20 10:00:00', 32, 70, 29, 53, 1),
('2022-02-20 11:00:00', 28, 40, 34, 40, 1),
('2022-02-20 12:00:00', 27, 51, 31, 48, 1),
('2022-02-20 13:00:00', 30, 44, 19, 50, 1),
('2022-02-20 14:00:00', 32, 40, 34, 57, 1),
('2022-02-20 15:00:00', 29, 57, 36, 60, 1),
('2022-02-20 16:00:00', 28, 39, 31, 48, 1),
('2022-02-20 17:00:00', 28, 63, 22, 20, 1),
('2022-02-20 18:00:00', 27, 29, 45, 72, 1),
('2022-02-20 19:00:00', 27, 45, 24, 16, 1);
INSERT INTO `datapm` (`datetime`, `temperature`, `humidity`, `pm2_5`, `pm10`, `machine_id`) VALUES
('2022-02-20 20:00:00', 27, 26, 25, 47, 1),
('2022-02-20 21:00:00', 28, 54, 46, 59, 1),
('2022-02-20 22:00:00', 21, 57, 26, 33, 1),
('2022-02-20 23:00:00', 24, 51, 32, 37, 1),
('2022-02-21 00:00:00', 17.3, 87, 7, 23, 1),
('2022-02-21 01:00:00', 16.2, 89, 3, 18, 1),
('2022-02-21 02:00:00', 15.9, 89, 9, 21, 1),
('2022-02-21 03:00:00', 15.5, 88, 4, 24, 1),
('2022-02-21 04:00:00', 15.3, 87, 5, 23, 1),
('2022-02-21 05:00:00', 15, 86, 6, 20, 1),
('2022-02-21 06:00:00', 14.8, 87, 4, 23, 1),
('2022-02-21 07:00:00', 14.7, 89, 4, 24, 1),
('2022-02-21 08:00:00', 14.8, 88, 10, 33, 1),
('2022-02-21 09:00:00', 15.2, 87, 4, 29, 1),
('2022-02-21 10:00:00', 15.6, 86, 4, 35, 1),
('2022-02-21 11:00:00', 16.6, 83, 6, 31, 1),
('2022-02-21 12:00:00', 17.9, 80, 13, 25, 1),
('2022-02-21 13:00:00', 19.4, 76, 9, 23, 1),
('2022-02-21 14:00:00', 19.9, 76, 11, 28, 1),
('2022-02-21 15:00:00', 20.2, 76, 10, 26, 1),
('2022-02-21 16:00:00', 19.4, 78, 7, 33, 1),
('2022-02-21 17:00:00', 18.6, 81, 8, 29, 1),
('2022-02-21 18:00:00', 18.2, 83, 11, 34, 1),
('2022-02-21 19:00:00', 18.1, 83, 7, 35, 1),
('2022-02-21 20:00:00', 18.1, 84, 12, 31, 1),
('2022-02-21 21:00:00', 18.2, 83, 7.67, 37, 1),
('2022-02-21 22:00:00', 18.1, 83, 11, 26, 1),
('2022-02-21 23:00:00', 17.8, 81, 8, 25, 1),
('2022-02-21 00:00:00', 17.3, 87, 7, 23, 2),
('2022-02-21 01:00:00', 16.2, 89, 3, 18, 2),
('2022-02-21 02:00:00', 15.9, 89, 9, 21, 2),
('2022-02-21 03:00:00', 15.5, 88, 4, 24, 2),
('2022-02-21 04:00:00', 15.3, 87, 5, 23, 2),
('2022-02-21 05:00:00', 15, 86, 6, 20, 2),
('2022-02-21 06:00:00', 14.8, 87, 4, 23, 2),
('2022-02-21 07:00:00', 14.7, 89, 4, 24, 2),
('2022-02-21 08:00:00', 14.8, 88, 10, 33, 2),
('2022-02-21 09:00:00', 15.2, 87, 4, 29, 2),
('2022-02-21 10:00:00', 15.6, 86, 4, 35, 2),
('2022-02-21 11:00:00', 16.6, 83, 6, 31, 2),
('2022-02-21 12:00:00', 17.9, 80, 13, 25, 2),
('2022-02-21 13:00:00', 19.4, 76, 9, 23, 2),
('2022-02-21 14:00:00', 19.9, 76, 11, 28, 2),
('2022-02-21 15:00:00', 20.2, 76, 10, 26, 2),
('2022-02-21 16:00:00', 19.4, 78, 7, 33, 2),
('2022-02-21 17:00:00', 18.6, 81, 8, 29, 2),
('2022-02-21 18:00:00', 18.2, 83, 11, 34, 2),
('2022-02-21 19:00:00', 18.1, 83, 7, 35, 2),
('2022-02-21 20:00:00', 18.1, 84, 12, 31, 2),
('2022-02-21 21:00:00', 18.2, 83, 7.67, 37, 2),
('2022-02-21 22:00:00', 18.1, 83, 11, 26, 2),
('2022-02-21 23:00:00', 17.8, 81, 8, 25, 2),
(NULL, 0, 0, 0, 0, 0),
(NULL, 0, 0, 0, 0, 0),
(NULL, 0, 0, 0, 0, 0),
(NULL, 0, 0, 0, 0, 0),
(NULL, 0, 0, 0, 0, 0);

-- --------------------------------------------------------

--
-- Table structure for table `failed_jobs`
--

CREATE TABLE `failed_jobs` (
  `id` bigint(20) UNSIGNED NOT NULL,
  `uuid` varchar(255) COLLATE utf8mb4_unicode_ci NOT NULL,
  `connection` text COLLATE utf8mb4_unicode_ci NOT NULL,
  `queue` text COLLATE utf8mb4_unicode_ci NOT NULL,
  `payload` longtext COLLATE utf8mb4_unicode_ci NOT NULL,
  `exception` longtext COLLATE utf8mb4_unicode_ci NOT NULL,
  `failed_at` timestamp NOT NULL DEFAULT current_timestamp()
) ENGINE=InnoDB DEFAULT CHARSET=utf8mb4 COLLATE=utf8mb4_unicode_ci;

-- --------------------------------------------------------

--
-- Table structure for table `machine_location`
--

CREATE TABLE `machine_location` (
  `machine_id` int(11) NOT NULL,
  `machine_name` varchar(255) COLLATE utf8mb4_unicode_ci NOT NULL,
  `latitude` varchar(255) COLLATE utf8mb4_unicode_ci NOT NULL,
  `longitude` varchar(255) COLLATE utf8mb4_unicode_ci NOT NULL,
  `address` text COLLATE utf8mb4_unicode_ci NOT NULL,
  `topic_status` varchar(150) COLLATE utf8mb4_unicode_ci NOT NULL,
  `topic_mode` varchar(150) COLLATE utf8mb4_unicode_ci NOT NULL,
  `topic_pm` varchar(150) COLLATE utf8mb4_unicode_ci NOT NULL,
  `topic_temp` varchar(150) COLLATE utf8mb4_unicode_ci NOT NULL,
  `topic_hum` varchar(150) COLLATE utf8mb4_unicode_ci NOT NULL,
  `created_at` timestamp NULL DEFAULT NULL,
  `updated_at` timestamp NULL DEFAULT NULL
) ENGINE=InnoDB DEFAULT CHARSET=utf8mb4 COLLATE=utf8mb4_unicode_ci;

--
-- Dumping data for table `machine_location`
--

INSERT INTO `machine_location` (`machine_id`, `machine_name`, `latitude`, `longitude`, `address`, `topic_status`, `topic_mode`, `topic_pm`, `topic_temp`, `topic_hum`, `created_at`, `updated_at`) VALUES
(1, 'IT-001', '14.990443', '103.101157', '', 'it_bru/it-001/status_machine', 'it_bru/it-001/mode', 'it_bru/it-001/pm', 'it_bru/it-001/temp', 'it_bru/it-001/hum', NULL, '2022-02-12 01:41:40'),
(2, 'IT-002', '14.9901905', '103.09655', '', 'it_bru/it-002/status_machine', 'it_bru/it-002/mode', 'it_bru/it-002/pm', 'it_bru/it-002/temp', 'it_bru/it-002/hum', NULL, '2022-02-12 01:42:05'),
(6, 'IT-003', '14.9890726', '103.0998753', '', 'it_bru/it-003/status_machine', 'it_bru/it-003/mode', 'it_bru/it-003/pm', 'it_bru/it-003/temp', 'it_bru/it-003/hum', '2022-02-09 22:07:49', '2022-02-12 01:42:17');

-- --------------------------------------------------------

--
-- Table structure for table `migrations`
--

CREATE TABLE `migrations` (
  `id` int(10) UNSIGNED NOT NULL,
  `migration` varchar(255) COLLATE utf8mb4_unicode_ci NOT NULL,
  `batch` int(11) NOT NULL
) ENGINE=InnoDB DEFAULT CHARSET=utf8mb4 COLLATE=utf8mb4_unicode_ci;

--
-- Dumping data for table `migrations`
--

INSERT INTO `migrations` (`id`, `migration`, `batch`) VALUES
(1, '2014_10_12_000000_create_users_table', 1),
(2, '2014_10_12_100000_create_password_resets_table', 1),
(3, '2019_08_19_000000_create_failed_jobs_table', 1),
(4, '2019_12_14_000001_create_personal_access_tokens_table', 1),
(6, '2022_01_06_084412_create_machine_location_table', 2);

-- --------------------------------------------------------

--
-- Table structure for table `password_resets`
--

CREATE TABLE `password_resets` (
  `email` varchar(255) COLLATE utf8mb4_unicode_ci NOT NULL,
  `token` varchar(255) COLLATE utf8mb4_unicode_ci NOT NULL,
  `created_at` timestamp NULL DEFAULT NULL
) ENGINE=InnoDB DEFAULT CHARSET=utf8mb4 COLLATE=utf8mb4_unicode_ci;

-- --------------------------------------------------------

--
-- Table structure for table `personal_access_tokens`
--

CREATE TABLE `personal_access_tokens` (
  `id` bigint(20) UNSIGNED NOT NULL,
  `tokenable_type` varchar(255) COLLATE utf8mb4_unicode_ci NOT NULL,
  `tokenable_id` bigint(20) UNSIGNED NOT NULL,
  `name` varchar(255) COLLATE utf8mb4_unicode_ci NOT NULL,
  `token` varchar(64) COLLATE utf8mb4_unicode_ci NOT NULL,
  `abilities` text COLLATE utf8mb4_unicode_ci DEFAULT NULL,
  `last_used_at` timestamp NULL DEFAULT NULL,
  `created_at` timestamp NULL DEFAULT NULL,
  `updated_at` timestamp NULL DEFAULT NULL
) ENGINE=InnoDB DEFAULT CHARSET=utf8mb4 COLLATE=utf8mb4_unicode_ci;

-- --------------------------------------------------------

--
-- Table structure for table `users`
--

CREATE TABLE `users` (
  `id` bigint(20) UNSIGNED NOT NULL,
  `name` varchar(255) COLLATE utf8mb4_unicode_ci NOT NULL,
  `email` varchar(255) COLLATE utf8mb4_unicode_ci NOT NULL,
  `email_verified_at` timestamp NULL DEFAULT NULL,
  `is_admin` tinyint(1) DEFAULT NULL,
  `password` varchar(255) COLLATE utf8mb4_unicode_ci NOT NULL,
  `remember_token` varchar(100) COLLATE utf8mb4_unicode_ci DEFAULT NULL,
  `created_at` timestamp NULL DEFAULT NULL,
  `updated_at` timestamp NULL DEFAULT NULL
) ENGINE=InnoDB DEFAULT CHARSET=utf8mb4 COLLATE=utf8mb4_unicode_ci;

--
-- Dumping data for table `users`
--

INSERT INTO `users` (`id`, `name`, `email`, `email_verified_at`, `is_admin`, `password`, `remember_token`, `created_at`, `updated_at`) VALUES
(1, 'Admin', 'it@bru.ac.th', NULL, 1, '$2y$10$DzfnLl3BYo1P8PSccEtOn.FrJecxqvTQ5no3ZgTfDlDeYSn.815Iy', NULL, '2021-12-17 22:24:03', '2021-12-17 22:24:03'),
(2, 'Admin', 'it61@bru.ac.th', NULL, 1, '$2y$10$oT6EyNuMOC5zR.7KAz7/NOfayWcQKsWvkXEz4t0VL6E2GeO4y1.7y', NULL, '2021-12-17 22:32:21', '2021-12-17 22:32:21');

--
-- Indexes for dumped tables
--

--
-- Indexes for table `datapm`
--
ALTER TABLE `datapm`
  ADD KEY `fk_machine` (`machine_id`);

--
-- Indexes for table `failed_jobs`
--
ALTER TABLE `failed_jobs`
  ADD PRIMARY KEY (`id`),
  ADD UNIQUE KEY `failed_jobs_uuid_unique` (`uuid`);

--
-- Indexes for table `machine_location`
--
ALTER TABLE `machine_location`
  ADD PRIMARY KEY (`machine_id`);

--
-- Indexes for table `migrations`
--
ALTER TABLE `migrations`
  ADD PRIMARY KEY (`id`);

--
-- Indexes for table `password_resets`
--
ALTER TABLE `password_resets`
  ADD KEY `password_resets_email_index` (`email`);

--
-- Indexes for table `personal_access_tokens`
--
ALTER TABLE `personal_access_tokens`
  ADD PRIMARY KEY (`id`),
  ADD UNIQUE KEY `personal_access_tokens_token_unique` (`token`),
  ADD KEY `personal_access_tokens_tokenable_type_tokenable_id_index` (`tokenable_type`,`tokenable_id`);

--
-- Indexes for table `users`
--
ALTER TABLE `users`
  ADD PRIMARY KEY (`id`),
  ADD UNIQUE KEY `users_email_unique` (`email`);

--
-- AUTO_INCREMENT for dumped tables
--

--
-- AUTO_INCREMENT for table `failed_jobs`
--
ALTER TABLE `failed_jobs`
  MODIFY `id` bigint(20) UNSIGNED NOT NULL AUTO_INCREMENT;

--
-- AUTO_INCREMENT for table `machine_location`
--
ALTER TABLE `machine_location`
  MODIFY `machine_id` int(11) NOT NULL AUTO_INCREMENT, AUTO_INCREMENT=11;

--
-- AUTO_INCREMENT for table `migrations`
--
ALTER TABLE `migrations`
  MODIFY `id` int(10) UNSIGNED NOT NULL AUTO_INCREMENT, AUTO_INCREMENT=7;

--
-- AUTO_INCREMENT for table `personal_access_tokens`
--
ALTER TABLE `personal_access_tokens`
  MODIFY `id` bigint(20) UNSIGNED NOT NULL AUTO_INCREMENT;

--
-- AUTO_INCREMENT for table `users`
--
ALTER TABLE `users`
  MODIFY `id` bigint(20) UNSIGNED NOT NULL AUTO_INCREMENT, AUTO_INCREMENT=3;
COMMIT;

/*!40101 SET CHARACTER_SET_CLIENT=@OLD_CHARACTER_SET_CLIENT */;
/*!40101 SET CHARACTER_SET_RESULTS=@OLD_CHARACTER_SET_RESULTS */;
/*!40101 SET COLLATION_CONNECTION=@OLD_COLLATION_CONNECTION */;
